policy,config_id,config,query_count,recall_at_10,p5_per_query_recall,mean_shards_per_query,p95_shards_per_query,aggregate_distance_computations_per_query,p95_aggregate_distance_computations,max_shard_distance_computations_mean,p95_max_shard_distance_computations,p99_max_shard_distance_computations,aggregate_nodes_visited_per_query,p95_max_shard_nodes_visited,worker_cpu_time_us_per_query
P0,0b49a0aa365c7f1e,"{""policy"":""P0"",""fixed_p"":1,""uniform_ef_search"":8,""ef_min"":8,""ef_max"":512}",1000,0.4367,0.0,1.0,1.0,557.546,873.05,557.546,873.05,1039.06,12.471,18.0,292.801
P0,c2fa85a3f0ab9945,"{""policy"":""P0"",""fixed_p"":1,""uniform_ef_search"":16,""ef_min"":8,""ef_max"":512}",1000,0.4933,0.0,1.0,1.0,799.818,1220.2499999999998,799.818,1220.2499999999998,1498.01,18.611,25.0,351.262
P0,5c045e7c45e353d8,"{""policy"":""P0"",""fixed_p"":1,""uniform_ef_search"":32,""ef_min"":8,""ef_max"":512}",1000,0.5511,0.0,1.0,1.0,1370.193,1971.2499999999998,1370.193,1971.2499999999998,2274.18,33.965,40.0,513.353
P0,21ab6f22997bc6b1,"{""policy"":""P0"",""fixed_p"":1,""uniform_ef_search"":64,""ef_min"":8,""ef_max"":512}",1000,0.6005,0.0,1.0,1.0,2458.453,3496.25,2458.453,3496.25,3821.7799999999993,65.402,71.0,823.495
P0,417e843a3088d802,"{""policy"":""P0"",""fixed_p"":1,""uniform_ef_search"":128,""ef_min"":8,""ef_max"":512}",1000,0.6391,0.1,1.0,1.0,4488.335,6473.2,4488.335,6473.2,6947.299999999999,129.111,134.0,1411.015
P0,c324b6c6b7211da0,"{""policy"":""P0"",""fixed_p"":1,""uniform_ef_search"":256,""ef_min"":8,""ef_max"":512}",1000,0.6678999999999999,0.1,1.0,1.0,8171.63,11983.15,8171.63,11983.15,12688.5,256.667,260.0,2527.761
P0,b5b284e41d984446,"{""policy"":""P0"",""fixed_p"":1,""uniform_ef_search"":512,""ef_min"":8,""ef_max"":512}",1000,0.6858,0.1,1.0,1.0,14743.563,22336.6,14743.563,22336.6,23332.17,512.444,514.0,4567.062
P0,0d52546b9c48598c,"{""policy"":""P0"",""fixed_p"":2,""uniform_ef_search"":8,""ef_min"":8,""ef_max"":512}",1000,0.533,0.0,2.0,2.0,1103.448,1532.1499999999999,639.292,955.05,1178.5099999999995,25.758,22.0,556.225
P0,f8ff35239f22d22d,"{""policy"":""P0"",""fixed_p"":2,""uniform_ef_search"":16,""ef_min"":8,""ef_max"":512}",1000,0.6043,0.0,2.0,2.0,1590.573,2269.05,914.033,1365.1499999999999,1641.1599999999999,38.307,29.049999999999955,680.304
P0,08f3182b3aa721f6,"{""policy"":""P0"",""fixed_p"":2,""uniform_ef_search"":32,""ef_min"":8,""ef_max"":512}",1000,0.6754,0.1,2.0,2.0,2739.203,3863.5999999999995,1547.84,2233.2,2546.13,69.649,47.0,1014.99
P0,da67bf187de3789d,"{""policy"":""P0"",""fixed_p"":2,""uniform_ef_search"":64,""ef_min"":8,""ef_max"":512}",1000,0.7337,0.2,2.0,2.0,4892.942,6864.65,2758.52,3778.1,4444.08,132.572,81.0,1637.845
P0,af38d3533799fe47,"{""policy"":""P0"",""fixed_p"":2,""uniform_ef_search"":128,""ef_min"":8,""ef_max"":512}",1000,0.7812,0.3,2.0,2.0,8899.853,12548.65,5013.763,6742.349999999999,7205.889999999999,259.389,142.0,2816.844
P0,dcb39bd612eae981,"{""policy"":""P0"",""fixed_p"":2,""uniform_ef_search"":256,""ef_min"":8,""ef_max"":512}",1000,0.8175,0.3,2.0,2.0,16279.84,23188.8,9242.384,12465.0,13130.27,514.413,267.0,5035.859
P0,0829f8f57ab849e7,"{""policy"":""P0"",""fixed_p"":2,""uniform_ef_search"":512,""ef_min"":8,""ef_max"":512}",1000,0.8421000000000001,0.4,2.0,2.0,29618.378,42238.5,16930.271,22915.3,23709.03,1025.744,521.0,9165.895
P0,0d78a84c38598d90,"{""policy"":""P0"",""fixed_p"":3,""uniform_ef_search"":8,""ef_min"":8,""ef_max"":512}",1000,0.5705,0.0,3.0,3.0,1662.262,2253.25,695.004,1007.0999999999999,1249.08,39.982,25.0,824.218
P0,9ded195fc9ecf68a,"{""policy"":""P0"",""fixed_p"":3,""uniform_ef_search"":16,""ef_min"":8,""ef_max"":512}",1000,0.6445,0.1,3.0,3.0,2400.307,3289.45,990.759,1463.0,1716.03,59.1,34.0,1022.865
P0,c6de7039a08707d0,"{""policy"":""P0"",""fixed_p"":3,""uniform_ef_search"":32,""ef_min"":8,""ef_max"":512}",1000,0.722,0.1,3.0,3.0,4141.256,5681.05,1673.792,2363.0,2667.5399999999995,106.95,53.0,1529.24
P0,68ad1afbe4eba899,"{""policy"":""P0"",""fixed_p"":3,""uniform_ef_search"":64,""ef_min"":8,""ef_max"":512}",1000,0.7844,0.3,3.0,3.0,7362.736,10138.0,2952.467,4051.05,4591.09,201.476,88.0,2475.318
P0,85591d2ad956ddf2,"{""policy"":""P0"",""fixed_p"":3,""uniform_ef_search"":128,""ef_min"":8,""ef_max"":512}",1000,0.8377,0.4,3.0,3.0,13402.042,18487.05,5367.34,7001.1,7557.299999999999,391.594,151.0,4261.203
P0,0f1cf690f7612a1e,"{""policy"":""P0"",""fixed_p"":3,""uniform_ef_search"":256,""ef_min"":8,""ef_max"":512}",1000,0.8772000000000001,0.5,3.0,3.0,24598.472,34120.25,9898.624,12729.449999999999,13197.289999999999,773.36,272.0,7630.527
P0,4ce505dd83497fff,"{""policy"":""P0"",""fixed_p"":3,""uniform_ef_search"":512,""ef_min"":8,""ef_max"":512}",1000,0.9053,0.6,3.0,3.0,44921.209,62557.75,18242.477,23287.15,23840.13,1539.768,523.05,13985.765
P0,99f64554f021592d,"{""policy"":""P0"",""fixed_p"":4,""uniform_ef_search"":8,""ef_min"":8,""ef_max"":512}",1000,0.5928,0.1,4.0,4.0,2231.491,2913.0,742.208,1075.1,1267.01,55.359,28.0,1098.009
P0,a3004f723fadd8fe,"{""policy"":""P0"",""fixed_p"":4,""uniform_ef_search"":16,""ef_min"":8,""ef_max"":512}",1000,0.6687000000000001,0.1,4.0,4.0,3222.67,4299.1,1055.168,1521.2499999999998,1716.03,81.254,37.0,1371.138
P0,e95ef758d4a66d7b,"{""policy"":""P0"",""fixed_p"":4,""uniform_ef_search"":32,""ef_min"":8,""ef_max"":512}",1000,0.7485,0.2,4.0,4.0,5563.933,7420.249999999999,1779.116,2473.05,2822.919999999999,145.966,57.049999999999955,2054.717
P0,a6b99609271165a3,"{""policy"":""P0"",""fixed_p"":4,""uniform_ef_search"":64,""ef_min"":8,""ef_max"":512}",1000,0.8122,0.3,4.0,4.0,9861.932,13309.349999999999,3113.537,4167.5,4653.379999999999,272.315,93.0,3318.308
P0,1bec8afe1fc0b054,"{""policy"":""P0"",""fixed_p"":4,""uniform_ef_search"":128,""ef_min"":8,""ef_max"":512}",1000,0.8683,0.5,4.0,4.0,17917.994,24336.449999999997,5637.2,7174.0,7780.05,525.36,157.04999999999995,5714.559
P0,3dab823a01b35c5e,"{""policy"":""P0"",""fixed_p"":4,""uniform_ef_search"":256,""ef_min"":8,""ef_max"":512}",1000,0.9094,0.6,4.0,4.0,32899.967,44742.25,10375.015,12891.05,13347.16,1033.539,276.0,10240.167
P0,aa29843b3dee6e57,"{""policy"":""P0"",""fixed_p"":4,""uniform_ef_search"":512,""ef_min"":8,""ef_max"":512}",1000,0.9385,0.7,4.0,4.0,60116.912,81495.45,19166.364,23402.4,23970.29,2054.992,526.0,18814.315
P0,446b5207cf485460,"{""policy"":""P0"",""fixed_p"":5,""uniform_ef_search"":8,""ef_min"":8,""ef_max"":512}",1000,0.6013999999999999,0.1,5.0,5.0,2842.788,3660.45,795.017,1130.0,1339.03,72.652,30.0,1388.319
P0,aa5dd54171a0f563,"{""policy"":""P0"",""fixed_p"":5,""uniform_ef_search"":16,""ef_min"":8,""ef_max"":512}",1000,0.6789,0.1,5.0,5.0,4105.023,5304.05,1130.235,1594.1999999999998,1793.12,105.721,39.0,1743.703
P0,5a847d318c4942b5,"{""policy"":""P0"",""fixed_p"":5,""uniform_ef_search"":32,""ef_min"":8,""ef_max"":512}",1000,0.7605,0.2,5.0,5.0,7060.023,9042.9,1898.657,2590.3999999999996,2969.5999999999995,187.457,62.0,2606.296
P0,c02cd3dc90254d62,"{""policy"":""P0"",""fixed_p"":5,""uniform_ef_search"":64,""ef_min"":8,""ef_max"":512}",1000,0.8261000000000001,0.3,5.0,5.0,12446.876,16095.9,3289.779,4378.25,4836.11,345.726,97.0,4205.091
P0,9d34fdc1db05e160,"{""policy"":""P0"",""fixed_p"":5,""uniform_ef_search"":128,""ef_min"":8,""ef_max"":512}",1000,0.8831,0.5,5.0,5.0,22526.158,29210.7,5903.844,7314.299999999999,7791.08,661.652,163.0,7212.526
P0,ca5880e647a3755f,"{""policy"":""P0"",""fixed_p"":5,""uniform_ef_search"":256,""ef_min"":8,""ef_max"":512}",1000,0.9254,0.6,5.0,5.0,41268.049,53710.799999999996,10805.308,13040.25,13443.24,1295.734,282.0,12941.96
P0,14f5eafcb0332fbb,"{""policy"":""P0"",""fixed_p"":5,""uniform_ef_search"":512,""ef_min"":8,""ef_max"":512}",1000,0.9546,0.8,5.0,5.0,75245.492,97821.15,19857.316,23494.15,23999.09,2571.812,529.0,23719.604
P0,303f9db1f9e1a73c,"{""policy"":""P0"",""fixed_p"":6,""uniform_ef_search"":8,""ef_min"":8,""ef_max"":512}",1000,0.6053999999999999,0.1,6.0,6.0,3557.255,4489.849999999999,880.037,1256.05,1452.1399999999999,92.584,31.0,1708.339
P0,0e66dd3f4c459f82,"{""policy"":""P0"",""fixed_p"":6,""uniform_ef_search"":16,""ef_min"":8,""ef_max"":512}",1000,0.6838,0.1,6.0,6.0,5103.13,6394.65,1245.579,1712.1,1924.4199999999996,132.742,42.0,2149.831
P0,3110d7fbe3ba6815,"{""policy"":""P0"",""fixed_p"":6,""uniform_ef_search"":32,""ef_min"":8,""ef_max"":512}",1000,0.7664,0.2,6.0,6.0,8716.613,10759.35,2073.416,2768.4999999999995,3190.06,231.67,65.0,3210.893
P0,eaeedd9ee1f651c9,"{""policy"":""P0"",""fixed_p"":6,""uniform_ef_search"":64,""ef_min"":8,""ef_max"":512}",1000,0.8322,0.3950000000000003,6.0,6.0,15279.169,19018.199999999997,3572.553,4578.65,5032.15,422.265,100.04999999999995,5163.831
P0,54237e59b90e36fa,"{""policy"":""P0"",""fixed_p"":6,""uniform_ef_search"":128,""ef_min"":8,""ef_max"":512}",1000,0.8894,0.5,6.0,6.0,27513.066,33707.45,6350.008,7505.05,7978.13,800.512,166.0,8834.655
P0,eb3013cb87df8000,"{""policy"":""P0"",""fixed_p"":6,""uniform_ef_search"":256,""ef_min"":8,""ef_max"":512}",1000,0.9324,0.7,6.0,6.0,50306.17,62084.15,11586.615,13222.2,13541.0,1559.974,285.0,15844.398
P0,1ae4a04a9ad7a731,"{""policy"":""P0"",""fixed_p"":6,""uniform_ef_search"":512,""ef_min"":8,""ef_max"":512}",1000,0.9619,0.8,6.0,6.0,91602.247,111752.65,21163.514,23765.2,24140.09,3090.467,530.0,28976.235
P0,61fd2dd5bfa48992,"{""policy"":""P0"",""fixed_p"":7,""uniform_ef_search"":8,""ef_min"":8,""ef_max"":512}",1000,0.6088,0.1,7.0,7.0,4259.281,5298.2,943.106,1307.0,1505.07,114.005,32.0,2034.759
P0,919904318440da24,"{""policy"":""P0"",""fixed_p"":7,""uniform_ef_search"":16,""ef_min"":8,""ef_max"":512}",1000,0.6874,0.19500000000000028,7.0,7.0,6061.593,7362.2,1314.104,1770.1499999999999,1982.4099999999996,161.205,43.0,2558.851
P0,a1925b27f1e763c0,"{""policy"":""P0"",""fixed_p"":7,""uniform_ef_search"":32,""ef_min"":8,""ef_max"":512}",1000,0.7703,0.2,7.0,7.0,10289.718,12457.649999999998,2180.221,2866.2,3212.4199999999996,277.741,67.0,3813.822
P0,a919b07094568633,"{""policy"":""P0"",""fixed_p"":7,""uniform_ef_search"":64,""ef_min"":8,""ef_max"":512}",1000,0.8364,0.4,7.0,7.0,17919.424,21761.85,3718.366,4646.25,5056.12,500.696,104.04999999999995,6108.94
P0,eef4b8b07ee446b9,"{""policy"":""P0"",""fixed_p"":7,""uniform_ef_search"":128,""ef_min"":8,""ef_max"":512}",1000,0.8937999999999999,0.5,7.0,7.0,32082.765,38549.3,6535.911,7627.05,8168.859999999999,941.019,168.04999999999995,10411.774
P0,ea057df962b946f1,"{""policy"":""P0"",""fixed_p"":7,""uniform_ef_search"":256,""ef_min"":8,""ef_max"":512}",1000,0.9371,0.7,7.0,7.0,58515.573,70054.95,11883.375,13306.25,13633.41,1825.755,290.04999999999995,18627.174
P0,68b4de3f083f9d42,"{""policy"":""P0"",""fixed_p"":7,""uniform_ef_search"":512,""ef_min"":8,""ef_max"":512}",1000,0.9665,0.8,7.0,7.0,106388.055,125851.34999999999,21639.679,23812.2,24238.29,3610.465,531.0,34013.907
P0,333a3bad5e95057e,"{""policy"":""P0"",""fixed_p"":8,""uniform_ef_search"":8,""ef_min"":8,""ef_max"":512}",1000,0.61,0.1,8.0,8.0,5018.339,6127.349999999999,985.334,1329.05,1548.07,135.362,33.0,2381.463
P0,e824df74b20487ae,"{""policy"":""P0"",""fixed_p"":8,""uniform_ef_search"":16,""ef_min"":8,""ef_max"":512}",1000,0.6888,0.2,8.0,8.0,7120.629,8543.1,1373.731,1792.05,2044.3199999999997,189.919,43.0,3001.62
P0,330b988fe5577adf,"{""policy"":""P0"",""fixed_p"":8,""uniform_ef_search"":32,""ef_min"":8,""ef_max"":512}",1000,0.7725,0.2,8.0,8.0,12035.072,14340.25,2254.629,2927.2,3258.29,324.098,68.0,4471.315
P0,1f7f2632ffdd2c93,"{""policy"":""P0"",""fixed_p"":8,""uniform_ef_search"":64,""ef_min"":8,""ef_max"":512}",1000,0.839,0.4,8.0,8.0,20850.941,24635.45,3783.202,4659.349999999999,5068.32,579.334,107.0,7147.239
P0,56f8cda4dc331e86,"{""policy"":""P0"",""fixed_p"":8,""uniform_ef_search"":128,""ef_min"":8,""ef_max"":512}",1000,0.8964,0.5,8.0,8.0,37152.758,43303.9,6592.177,7683.299999999999,8254.16,1081.671,171.0,12139.827
P0,b1e3a0699fdb2bf4,"{""policy"":""P0"",""fixed_p"":8,""uniform_ef_search"":256,""ef_min"":8,""ef_max"":512}",1000,0.9395,0.7,8.0,8.0,67524.813,78444.2,11941.596,13313.05,13633.41,2091.56,294.0,21692.946
P0,af9440235c54d08c,"{""policy"":""P0"",""fixed_p"":8,""uniform_ef_search"":512,""ef_min"":8,""ef_max"":512}",1000,0.969,0.8,8.0,8.0,122176.097,140623.25,21707.317,23819.15,24238.29,4130.37,532.0,39475.494
P1,0a54065045ca7bff,"{""policy"":""P1"",""uniform_ef_search"":8,""ef_min"":8,""ef_max"":512}",1000,0.6043999999999999,0.1,4.486,7.0,2452.166,4197.5,717.038,1062.0,1283.1499999999999,57.396,22.0,1199.142
P1,cd741f938e433297,"{""policy"":""P1"",""uniform_ef_search"":16,""ef_min"":8,""ef_max"":512}",1000,0.6825,0.1,4.486,7.0,3597.066,6320.45,1035.534,1544.3999999999996,1738.08,86.548,31.0,1510.508
P1,b89c88bbdb3386d5,"{""policy"":""P1"",""uniform_ef_search"":32,""ef_min"":8,""ef_max"":512}",1000,0.7654,0.2,4.486,7.0,6296.589,11184.75,1760.379,2510.0,2931.0299999999997,159.221,52.049999999999955,2283.8
P1,e62a2b9c534c1b59,"{""policy"":""P1"",""uniform_ef_search"":64,""ef_min"":8,""ef_max"":512}",1000,0.8317,0.4,4.486,7.0,11248.606,19777.05,3098.608,4333.0,4693.25,300.822,87.0,3710.375
P1,998f0f85974aac3e,"{""policy"":""P1"",""uniform_ef_search"":128,""ef_min"":8,""ef_max"":512}",1000,0.8892,0.5,4.486,7.0,20541.409,36270.5,5607.019,7356.1,7784.01,584.52,153.0,6424.972
P1,506ed44810159d6b,"{""policy"":""P1"",""uniform_ef_search"":256,""ef_min"":8,""ef_max"":512}",1000,0.9321,0.7,4.486,7.0,37785.109,66392.84999999999,10267.407,13013.099999999999,13455.119999999999,1154.433,271.0,11605.686
P1,6d28ad1d522389b1,"{""policy"":""P1"",""uniform_ef_search"":512,""ef_min"":8,""ef_max"":512}",1000,0.9614,0.8,4.486,7.0,68911.929,121462.15,18707.751,23494.0,24008.559999999998,2300.128,521.0,21278.005
P2,c96a67cd19ac66f0,"{""policy"":""P2"",""fixed_p"":1,""alpha"":1,""beta"":4,""ef_min"":8,""ef_max"":512}",1000,0.5636,0.0,1.0,1.0,1509.452,2345.1,1509.452,2345.1,2640.3599999999997,38.538,52.0,556.988
P2,3f7c456270e3625f,"{""policy"":""P2"",""fixed_p"":1,""alpha"":1,""beta"":8,""ef_min"":8,""ef_max"":512}",1000,0.5712,0.0,1.0,1.0,1648.522,2509.25,1648.522,2509.25,2786.14,42.463,56.0,596.665
P2,531c07e1f9334648,"{""policy"":""P2"",""fixed_p"":1,""alpha"":1,""beta"":16,""ef_min"":8,""ef_max"":512}",1000,0.5832999999999999,0.0,1.0,1.0,1925.626,2897.2999999999997,1925.626,2897.2999999999997,3211.4399999999996,50.38,64.0,683.702
P2,4e62047a763ed600,"{""policy"":""P2"",""fixed_p"":1,""alpha"":1,""beta"":32,""ef_min"":8,""ef_max"":512}",1000,0.6026,0.0,1.0,1.0,2460.248,3601.25,2460.248,3601.25,4036.02,66.153,80.0,828.665
P2,6c5815516e61ebef,"{""policy"":""P2"",""fixed_p"":1,""alpha"":1,""beta"":64,""ef_min"":8,""ef_max"":512}",1000,0.6257999999999999,0.1,1.0,1.0,3489.663,5046.349999999999,3489.663,5046.349999999999,5366.25,97.926,112.0,1124.774
P2,80bf247ca00c1dc1,"{""policy"":""P2"",""fixed_p"":1,""alpha"":2,""beta"":4,""ef_min"":8,""ef_max"":512}",1000,0.6058,0.0,1.0,1.0,2588.112,4097.299999999999,2588.112,4097.299999999999,4551.219999999999,70.906,100.0,871.273
P2,333a7cc558970c53,"{""policy"":""P2"",""fixed_p"":1,""alpha"":2,""beta"":8,""ef_min"":8,""ef_max"":512}",1000,0.6098,0.0,1.0,1.0,2715.821,4238.15,2715.821,4238.15,4684.17,74.796,104.0,906.773
P2,3002ab51f500319e,"{""policy"":""P2"",""fixed_p"":1,""alpha"":2,""beta"":16,""ef_min"":8,""ef_max"":512}",1000,0.6153,0.0,1.0,1.0,2971.821,4578.799999999999,2971.821,4578.799999999999,5085.879999999999,82.673,112.0,984.431
P2,1a516bf36a436450,"{""policy"":""P2"",""fixed_p"":1,""alpha"":2,""beta"":32,""ef_min"":8,""ef_max"":512}",1000,0.6246,0.1,1.0,1.0,3478.007,5243.149999999999,3478.007,5243.149999999999,5706.429999999999,98.517,128.0,1123.167
P2,6f2b595307ade4bd,"{""policy"":""P2"",""fixed_p"":1,""alpha"":2,""beta"":64,""ef_min"":8,""ef_max"":512}",1000,0.6387,0.1,1.0,1.0,4468.744,6592.15,4468.744,6592.15,7174.08,130.356,160.0,1415.374
P2,527c7c313aa2f396,"{""policy"":""P2"",""fixed_p"":1,""alpha"":4,""beta"":4,""ef_min"":8,""ef_max"":512}",1000,0.6393,0.1,1.0,1.0,4556.936,7386.1,4556.936,7386.1,7997.199999999999,135.665,196.0,1447.388
P2,86830e995bf9b165,"{""policy"":""P2"",""fixed_p"":1,""alpha"":4,""beta"":8,""ef_min"":8,""ef_max"":512}",1000,0.6403,0.1,1.0,1.0,4675.883,7494.05,4675.883,7494.05,8231.67,139.601,200.0,1480.868
P2,6ccb6139c6d1ce6e,"{""policy"":""P2"",""fixed_p"":1,""alpha"":4,""beta"":16,""ef_min"":8,""ef_max"":512}",1000,0.6427,0.1,1.0,1.0,4918.275,7825.949999999999,4918.275,7825.949999999999,8617.289999999999,147.7,208.0,1552.468
P2,334cc0a5e8aaaf21,"{""policy"":""P2"",""fixed_p"":1,""alpha"":4,""beta"":32,""ef_min"":8,""ef_max"":512}",1000,0.6469,0.1,1.0,1.0,5393.264,8434.5,5393.264,8434.5,9101.59,163.61,224.0,1696.091
P2,7535a68ddcfbda1c,"{""policy"":""P2"",""fixed_p"":1,""alpha"":4,""beta"":64,""ef_min"":8,""ef_max"":512}",1000,0.6545,0.1,1.0,1.0,6322.522,9601.25,6322.522,9601.25,10668.56,195.432,256.0,1964.869
P2,1aeb13f380d086bd,"{""policy"":""P2"",""fixed_p"":1,""alpha"":8,""beta"":4,""ef_min"":8,""ef_max"":512}",1000,0.6657000000000001,0.1,1.0,1.0,8131.527,13191.199999999997,8131.527,13191.199999999997,14726.13,265.964,388.0,2516.386
P2,a751d0d21c2139a0,"{""policy"":""P2"",""fixed_p"":1,""alpha"":8,""beta"":8,""ef_min"":8,""ef_max"":512}",1000,0.6667000000000001,0.1,1.0,1.0,8244.309,13304.3,8244.309,13304.3,14777.22,270.017,392.0,2552.353
P2,23760f545f1fbe57,"{""policy"":""P2"",""fixed_p"":1,""alpha"":8,""beta"":16,""ef_min"":8,""ef_max"":512}",1000,0.6674,0.1,1.0,1.0,8460.824,13566.55,8460.824,13566.55,15092.5,278.041,400.0,2621.247
P2,e9921c9f33866ecb,"{""policy"":""P2"",""fixed_p"":1,""alpha"":8,""beta"":32,""ef_min"":8,""ef_max"":512}",1000,0.6694,0.1,1.0,1.0,8889.684,14117.15,8889.684,14117.15,15794.609999999999,293.908,416.0,2749.738
P2,0f950bbf810ce679,"{""policy"":""P2"",""fixed_p"":1,""alpha"":8,""beta"":64,""ef_min"":8,""ef_max"":512}",1000,0.6726,0.1,1.0,1.0,9742.685,15306.35,9742.685,15306.35,17008.0,325.898,448.0,2998.985
P2,a63cbbe053d19b74,"{""policy"":""P2"",""fixed_p"":1,""alpha"":16,""beta"":4,""ef_min"":8,""ef_max"":512}",1000,0.6809,0.1,1.0,1.0,13028.607,20223.5,13028.607,20223.5,22445.559999999998,451.974,513.0,4023.343
P2,c39b4b3e12f7da50,"{""policy"":""P2"",""fixed_p"":1,""alpha"":16,""beta"":8,""ef_min"":8,""ef_max"":512}",1000,0.6811,0.1,1.0,1.0,13083.814,20239.6,13083.814,20239.6,22501.14,453.892,513.0,4037.308
P2,1aaf112fe3cffa07,"{""policy"":""P2"",""fixed_p"":1,""alpha"":16,""beta"":16,""ef_min"":8,""ef_max"":512}",1000,0.6816,0.1,1.0,1.0,13194.352,20349.749999999996,13194.352,20349.749999999996,22501.14,457.744,513.0,4088.143
P2,d9ff991f44b85001,"{""policy"":""P2"",""fixed_p"":1,""alpha"":16,""beta"":32,""ef_min"":8,""ef_max"":512}",1000,0.6822,0.1,1.0,1.0,13394.867,20578.7,13394.867,20578.7,22571.489999999998,464.848,513.0,4147.807
P2,96327a6abaa46ad5,"{""policy"":""P2"",""fixed_p"":1,""alpha"":16,""beta"":64,""ef_min"":8,""ef_max"":512}",1000,0.6831,0.1,1.0,1.0,13747.002,21031.199999999997,13747.002,21031.199999999997,22579.41,477.318,513.0,4250.664
P2,67e09a5a3d3496ef,"{""policy"":""P2"",""fixed_p"":2,""alpha"":1,""beta"":4,""ef_min"":8,""ef_max"":512}",1000,0.6746,0.1,2.0,2.0,2249.024,3123.1,1529.164,2345.1,2640.3599999999997,56.907,52.0,873.643
P2,d86746656881b440,"{""policy"":""P2"",""fixed_p"":2,""alpha"":1,""beta"":8,""ef_min"":8,""ef_max"":512}",1000,0.6867000000000001,0.1,2.0,2.0,2508.145,3511.05,1672.569,2509.25,2786.14,64.054,56.0,948.156
P2,a37767c36c1904b3,"{""policy"":""P2"",""fixed_p"":2,""alpha"":1,""beta"":16,""ef_min"":8,""ef_max"":512}",1000,0.7039,0.1,2.0,2.0,3071.834,4293.15,1957.802,2897.2999999999997,3211.4399999999996,79.851,64.0,1121.224
P2,8e2385a6ec5eab72,"{""policy"":""P2"",""fixed_p"":2,""alpha"":1,""beta"":32,""ef_min"":8,""ef_max"":512}",1000,0.7303,0.2,2.0,2.0,4159.661,5781.349999999999,2520.338,3608.2,4038.01,111.362,80.0,1420.715
P2,2219028b99a0f713,"{""policy"":""P2"",""fixed_p"":2,""alpha"":1,""beta"":64,""ef_min"":8,""ef_max"":512}",1000,0.7609,0.2,2.0,2.0,6231.742,8646.15,3622.769,5068.05,5391.25,174.707,112.0,2017.536
P2,b9dd9179c243c249,"{""policy"":""P2"",""fixed_p"":2,""alpha"":2,""beta"":4,""ef_min"":8,""ef_max"":512}",1000,0.7263999999999999,0.1,2.0,2.0,3664.979,5111.599999999999,2610.573,4097.299999999999,4551.219999999999,98.629,100.0,1284.052
P2,94c6dcb66735294e,"{""policy"":""P2"",""fixed_p"":2,""alpha"":2,""beta"":8,""ef_min"":8,""ef_max"":512}",1000,0.7325,0.1,2.0,2.0,3914.422,5477.0,2742.408,4238.15,4684.17,105.914,104.0,1352.062
P2,dca2c9722d3af70c,"{""policy"":""P2"",""fixed_p"":2,""alpha"":2,""beta"":16,""ef_min"":8,""ef_max"":512}",1000,0.7423,0.2,2.0,2.0,4454.816,6196.949999999999,3007.259,4578.799999999999,5085.879999999999,121.774,112.0,1521.459
P2,65549e852dad6db5,"{""policy"":""P2"",""fixed_p"":2,""alpha"":2,""beta"":32,""ef_min"":8,""ef_max"":512}",1000,0.7556,0.2,2.0,2.0,5504.281,7661.299999999999,3529.016,5243.149999999999,5706.429999999999,153.48,128.0,1811.763
P2,23d4a0a0611c285f,"{""policy"":""P2"",""fixed_p"":2,""alpha"":2,""beta"":64,""ef_min"":8,""ef_max"":512}",1000,0.7762,0.2,2.0,2.0,7516.812,10455.35,4570.2,6592.15,7174.08,216.837,160.0,2399.261
P2,68c2c6aa0b1f5178,"{""policy"":""P2"",""fixed_p"":2,""alpha"":4,""beta"":4,""ef_min"":8,""ef_max"":512}",1000,0.7691,0.2,2.0,2.0,6288.712,8847.15,4593.554,7386.1,7997.199999999999,182.503,196.0,2050.753
P2,bbf15a0285593d4b,"{""policy"":""P2"",""fixed_p"":2,""alpha"":4,""beta"":8,""ef_min"":8,""ef_max"":512}",1000,0.7712,0.2,2.0,2.0,6535.129,9252.25,4715.718,7494.05,8231.67,190.12,200.0,2123.674
P2,f020c3c071f4e452,"{""policy"":""P2"",""fixed_p"":2,""alpha"":4,""beta"":16,""ef_min"":8,""ef_max"":512}",1000,0.7754,0.2,2.0,2.0,7043.473,9964.35,4961.907,7825.949999999999,8617.289999999999,206.12,208.0,2266.845
P2,e9d11c8746bec953,"{""policy"":""P2"",""fixed_p"":2,""alpha"":4,""beta"":32,""ef_min"":8,""ef_max"":512}",1000,0.7834,0.2,2.0,2.0,8045.117,11319.2,5452.868,8434.5,9101.59,238.021,224.0,2564.589
P2,9ab9041fb80a1335,"{""policy"":""P2"",""fixed_p"":2,""alpha"":4,""beta"":64,""ef_min"":8,""ef_max"":512}",1000,0.795,0.3,2.0,2.0,9979.722,13921.35,6420.328,9601.25,10668.56,301.507,256.0,3134.296
P2,b248d6a0c9d2cf35,"{""policy"":""P2"",""fixed_p"":2,""alpha"":8,""beta"":4,""ef_min"":8,""ef_max"":512}",1000,0.8049,0.3,2.0,2.0,11113.275,16018.55,8201.188,13191.199999999997,14726.13,351.924,388.0,3482.722
P2,8e34a287e1010c1b,"{""policy"":""P2"",""fixed_p"":2,""alpha"":8,""beta"":8,""ef_min"":8,""ef_max"":512}",1000,0.8064,0.3,2.0,2.0,11347.352,16328.0,8317.235,13304.3,14777.22,359.712,392.0,3558.068
P2,d5a9fc1d46499aae,"{""policy"":""P2"",""fixed_p"":2,""alpha"":8,""beta"":16,""ef_min"":8,""ef_max"":512}",1000,0.808,0.3,2.0,2.0,11814.946,16971.1,8538.301,13566.55,15092.5,375.621,400.0,3702.558
P2,1632d69303876ad6,"{""policy"":""P2"",""fixed_p"":2,""alpha"":8,""beta"":32,""ef_min"":8,""ef_max"":512}",1000,0.8117000000000001,0.3,2.0,2.0,12740.357,18259.199999999997,8978.942,14117.15,15794.609999999999,407.319,416.0,3968.622
P2,46871645587769cf,"{""policy"":""P2"",""fixed_p"":2,""alpha"":8,""beta"":64,""ef_min"":8,""ef_max"":512}",1000,0.8172,0.3,2.0,2.0,14572.747,20827.149999999998,9862.849,15306.35,17008.0,471.262,448.0,4516.654
P2,4baeba9456e22758,"{""policy"":""P2"",""fixed_p"":2,""alpha"":16,""beta"":4,""ef_min"":8,""ef_max"":512}",1000,0.8284,0.3,2.0,2.0,18319.145,27599.5,13165.205,20223.5,22445.559999999998,616.287,513.0,5661.068
P2,333180e5bbace561,"{""policy"":""P2"",""fixed_p"":2,""alpha"":16,""beta"":8,""ef_min"":8,""ef_max"":512}",1000,0.8291000000000001,0.4,2.0,2.0,18491.168,27738.199999999997,13225.534,20239.6,22501.14,622.111,513.0,5727.967
P2,c98ddf60b4df64a3,"{""policy"":""P2"",""fixed_p"":2,""alpha"":16,""beta"":16,""ef_min"":8,""ef_max"":512}",1000,0.8297,0.4,2.0,2.0,18838.614,28280.699999999997,13342.224,20349.749999999996,22501.14,633.806,513.0,5858.679
P2,1884ba770917a03c,"{""policy"":""P2"",""fixed_p"":2,""alpha"":16,""beta"":32,""ef_min"":8,""ef_max"":512}",1000,0.8308,0.4,2.0,2.0,19514.772,29357.699999999993,13559.507,20578.7,22571.489999999998,656.942,513.0,6055.153
P2,a507199a248a39d5,"{""policy"":""P2"",""fixed_p"":2,""alpha"":16,""beta"":64,""ef_min"":8,""ef_max"":512}",1000,0.8322999999999999,0.4,2.0,2.0,20795.575,31544.1,13951.745,21031.199999999997,22579.41,701.4,513.0,6444.342
P2,59a18a1e2301ae9d,"{""policy"":""P2"",""fixed_p"":3,""alpha"":1,""beta"":4,""ef_min"":8,""ef_max"":512}",1000,0.7122999999999999,0.1,3.0,3.0,2846.883,3848.05,1531.742,2345.1,2640.3599999999997,72.147,52.0,1152.45
P2,1b3a254dfbd8444f,"{""policy"":""P2"",""fixed_p"":3,""alpha"":1,""beta"":8,""ef_min"":8,""ef_max"":512}",1000,0.7252000000000001,0.1,3.0,3.0,3185.879,4320.05,1675.804,2509.25,2786.14,81.3,56.0,1250.29
P2,3ae277b1b5da081e,"{""policy"":""P2"",""fixed_p"":3,""alpha"":1,""beta"":16,""ef_min"":8,""ef_max"":512}",1000,0.746,0.2,3.0,3.0,4053.606,5489.849999999999,1965.709,2897.2999999999997,3211.4399999999996,105.287,64.0,1512.664
P2,5edcda9a11c4abcf,"{""policy"":""P2"",""fixed_p"":3,""alpha"":1,""beta"":32,""ef_min"":8,""ef_max"":512}",1000,0.7777000000000001,0.2,3.0,3.0,5716.093,7788.949999999999,2546.261,3612.05,4038.01,153.0,80.0,1978.751
P2,bdc7501ffed5938e,"{""policy"":""P2"",""fixed_p"":3,""alpha"":1,""beta"":64,""ef_min"":8,""ef_max"":512}",1000,0.8128,0.3,3.0,3.0,8859.358,12027.799999999996,3701.229,5069.1,5391.25,248.241,112.0,2896.415
P2,4db1ff6d0f4901b8,"{""policy"":""P2"",""fixed_p"":3,""alpha"":2,""beta"":4,""ef_min"":8,""ef_max"":512}",1000,0.7654,0.2,3.0,3.0,4408.476,5952.15,2611.872,4097.299999999999,4551.219999999999,117.651,100.0,1604.343
P2,975c953e5fac66ed,"{""policy"":""P2"",""fixed_p"":3,""alpha"":2,""beta"":8,""ef_min"":8,""ef_max"":512}",1000,0.7741,0.2,3.0,3.0,4770.144,6408.749999999999,2746.18,4238.15,4684.17,127.875,104.0,1704.116
P2,f42a159f7137d997,"{""policy"":""P2"",""fixed_p"":3,""alpha"":2,""beta"":16,""ef_min"":8,""ef_max"":512}",1000,0.7866000000000001,0.2,3.0,3.0,5610.805,7598.15,3013.49,4578.799999999999,5085.879999999999,151.961,112.0,1964.573
P2,fc9ee56319858f5c,"{""policy"":""P2"",""fixed_p"":3,""alpha"":2,""beta"":32,""ef_min"":8,""ef_max"":512}",1000,0.8035,0.3,3.0,3.0,7218.633,9911.099999999999,3543.968,5243.149999999999,5706.429999999999,199.631,128.0,2418.294
P2,f61a0100fec8e2e1,"{""policy"":""P2"",""fixed_p"":3,""alpha"":2,""beta"":64,""ef_min"":8,""ef_max"":512}",1000,0.8291000000000001,0.3,3.0,3.0,10302.854,14175.05,4610.079,6592.15,7174.08,295.011,160.0,3324.457
P2,c3e756aaf0e52e0d,"{""policy"":""P2"",""fixed_p"":3,""alpha"":4,""beta"":4,""ef_min"":8,""ef_max"":512}",1000,0.8139,0.3,3.0,3.0,7363.93,10172.249999999998,4598.474,7386.1,7997.199999999999,210.534,196.0,2461.955
P2,f243f2e6a18eca12,"{""policy"":""P2"",""fixed_p"":3,""alpha"":4,""beta"":8,""ef_min"":8,""ef_max"":512}",1000,0.8168,0.3,3.0,3.0,7731.765,10693.949999999999,4720.691,7494.05,8231.67,221.425,200.0,2577.094
P2,4079c3dd3a4c67dc,"{""policy"":""P2"",""fixed_p"":3,""alpha"":4,""beta"":16,""ef_min"":8,""ef_max"":512}",1000,0.8225,0.3,3.0,3.0,8522.206,11740.349999999999,4968.304,7825.949999999999,8617.289999999999,245.411,208.0,2806.447
P2,1fbd88ad9f149fe3,"{""policy"":""P2"",""fixed_p"":3,""alpha"":4,""beta"":32,""ef_min"":8,""ef_max"":512}",1000,0.8338,0.3950000000000003,3.0,3.0,10075.007,13845.349999999999,5463.048,8434.5,9101.59,293.341,224.0,3262.424
P2,14d28ae5f7688771,"{""policy"":""P2"",""fixed_p"":3,""alpha"":4,""beta"":64,""ef_min"":8,""ef_max"":512}",1000,0.8499,0.4,3.0,3.0,13069.772,18099.5,6439.416,9601.25,10668.56,388.826,256.0,4151.816
P2,cadddd4e583fd2a6,"{""policy"":""P2"",""fixed_p"":3,""alpha"":8,""beta"":4,""ef_min"":8,""ef_max"":512}",1000,0.8553999999999999,0.4,3.0,3.0,12821.177,18056.59999999999,8204.585,13191.199999999997,14726.13,397.988,388.0,4079.432
P2,dfa21f473db9d28a,"{""policy"":""P2"",""fixed_p"":3,""alpha"":8,""beta"":8,""ef_min"":8,""ef_max"":512}",1000,0.8578,0.4,3.0,3.0,13181.397,18792.95,8320.46,13304.3,14777.22,409.339,392.0,4188.387
P2,c9aef7b97f9b330c,"{""policy"":""P2"",""fixed_p"":3,""alpha"":8,""beta"":16,""ef_min"":8,""ef_max"":512}",1000,0.8609,0.4,3.0,3.0,13930.656,19722.2,8543.01,13566.55,15092.5,433.364,400.0,4431.487
P2,8979ff6e6ff7c6eb,"{""policy"":""P2"",""fixed_p"":3,""alpha"":8,""beta"":32,""ef_min"":8,""ef_max"":512}",1000,0.866,0.4,3.0,3.0,15390.931,21725.249999999996,8986.927,14117.15,15794.609999999999,480.99,416.0,4846.695
P2,4f0431382ddb656d,"{""policy"":""P2"",""fixed_p"":3,""alpha"":8,""beta"":64,""ef_min"":8,""ef_max"":512}",1000,0.8734,0.5,3.0,3.0,18245.608,25529.099999999995,9878.954,15306.35,17008.0,576.591,448.0,5703.651
P2,ef3f799f9bfeae07,"{""policy"":""P2"",""fixed_p"":3,""alpha"":16,""beta"":4,""ef_min"":8,""ef_max"":512}",1000,0.8835,0.5,3.0,3.0,21244.148,32313.35,13171.215,20223.5,22445.559999999998,699.006,513.0,6624.288
P2,7343594a399a0977,"{""policy"":""P2"",""fixed_p"":3,""alpha"":16,""beta"":8,""ef_min"":8,""ef_max"":512}",1000,0.8845,0.5,3.0,3.0,21533.564,32722.499999999996,13231.415,20239.6,22501.14,708.294,513.0,6717.454
P2,cb2cb8b279506e7c,"{""policy"":""P2"",""fixed_p"":3,""alpha"":16,""beta"":16,""ef_min"":8,""ef_max"":512}",1000,0.8856,0.5,3.0,3.0,22142.97,33496.049999999996,13349.559,20349.749999999996,22501.14,727.91,513.0,6935.531
P2,b773c35d90fc1963,"{""policy"":""P2"",""fixed_p"":3,""alpha"":16,""beta"":32,""ef_min"":8,""ef_max"":512}",1000,0.8873,0.5,3.0,3.0,23340.309,35129.1,13569.613,20578.7,22571.489999999998,767.021,513.0,7284.051
P2,bfe3d3b7529d3a42,"{""policy"":""P2"",""fixed_p"":3,""alpha"":16,""beta"":64,""ef_min"":8,""ef_max"":512}",1000,0.8897,0.5,3.0,3.0,25634.359,38546.799999999996,13969.241,21031.199999999997,22579.41,843.681,513.0,7981.345
P2,de3673885b6a18a6,"{""policy"":""P2"",""fixed_p"":4,""alpha"":1,""beta"":4,""ef_min"":8,""ef_max"":512}",1000,0.7342000000000001,0.1,4.0,4.0,3423.186,4476.15,1533.948,2345.1,2640.3599999999997,87.702,52.0,1427.106
P2,34e90a05c8878c38,"{""policy"":""P2"",""fixed_p"":4,""alpha"":1,""beta"":8,""ef_min"":8,""ef_max"":512}",1000,0.7477,0.2,4.0,4.0,3806.255,5017.25,1677.876,2509.25,2786.14,97.975,56.0,1538.527
P2,618b023475266fc7,"{""policy"":""P2"",""fixed_p"":4,""alpha"":1,""beta"":16,""ef_min"":8,""ef_max"":512}",1000,0.7707999999999999,0.2,4.0,4.0,4968.546,6638.9,1971.178,2897.2999999999997,3211.4399999999996,129.892,64.0,1882.935
P2,cf4c81b53723d241,"{""policy"":""P2"",""fixed_p"":4,""alpha"":1,""beta"":32,""ef_min"":8,""ef_max"":512}",1000,0.8037000000000001,0.3,4.0,4.0,7224.972,9688.0,2567.951,3612.05,4038.01,194.394,80.0,2526.816
P2,4b90b3926bc90055,"{""policy"":""P2"",""fixed_p"":4,""alpha"":1,""beta"":64,""ef_min"":8,""ef_max"":512}",1000,0.8409,0.4,4.0,4.0,11448.55,15452.599999999999,3759.166,5071.9,5416.26,321.616,112.0,3764.948
P2,677fc05f59f3d54f,"{""policy"":""P2"",""fixed_p"":4,""alpha"":2,""beta"":4,""ef_min"":8,""ef_max"":512}",1000,0.7882,0.29500000000000026,4.0,4.0,5044.843,6671.4,2612.7,4097.299999999999,4551.219999999999,134.735,100.0,1895.346
P2,2e24eb1307a85081,"{""policy"":""P2"",""fixed_p"":4,""alpha"":2,""beta"":8,""ef_min"":8,""ef_max"":512}",1000,0.7978,0.3,4.0,4.0,5483.24,7359.649999999999,2746.727,4238.15,4684.17,146.949,104.0,2018.81
P2,994b9b262e775a3f,"{""policy"":""P2"",""fixed_p"":4,""alpha"":2,""beta"":16,""ef_min"":8,""ef_max"":512}",1000,0.8118,0.3,4.0,4.0,6625.266,8912.899999999998,3015.707,4578.799999999999,5085.879999999999,179.147,112.0,2366.435
P2,b6565c0e2be669f7,"{""policy"":""P2"",""fixed_p"":4,""alpha"":2,""beta"":32,""ef_min"":8,""ef_max"":512}",1000,0.8297,0.3,4.0,4.0,8817.494,11861.4,3550.899,5243.149999999999,5706.429999999999,243.521,128.0,2994.802
P2,6362983ce3d0654b,"{""policy"":""P2"",""fixed_p"":4,""alpha"":2,""beta"":64,""ef_min"":8,""ef_max"":512}",1000,0.8575,0.4,4.0,4.0,12977.458,17500.199999999997,4637.298,6592.15,7174.08,370.815,160.0,4216.754
P2,2fbb2d64d5805ac0,"{""policy"":""P2"",""fixed_p"":4,""alpha"":4,""beta"":4,""ef_min"":8,""ef_max"":512}",1000,0.8378,0.3,4.0,4.0,8171.449,11122.05,4598.724,7386.1,7997.199999999999,232.098,196.0,2803.58
P2,f2f9cc2e2a727a3d,"{""policy"":""P2"",""fixed_p"":4,""alpha"":4,""beta"":8,""ef_min"":8,""ef_max"":512}",1000,0.8419,0.3950000000000003,4.0,4.0,8643.646,11771.899999999996,4720.839,7494.05,8231.67,245.693,200.0,2947.943
P2,cc942f91d37bb589,"{""policy"":""P2"",""fixed_p"":4,""alpha"":4,""beta"":16,""ef_min"":8,""ef_max"":512}",1000,0.8481000000000001,0.4,4.0,4.0,9722.726,13317.699999999999,4969.317,7825.949999999999,8617.289999999999,277.635,208.0,3262.693
P2,36bda8b0917108b4,"{""policy"":""P2"",""fixed_p"":4,""alpha"":4,""beta"":32,""ef_min"":8,""ef_max"":512}",1000,0.8605,0.4,4.0,4.0,11852.019,16339.4,5464.436,8434.5,9101.59,342.151,224.0,3889.087
P2,aaa374eed7ab62fb,"{""policy"":""P2"",""fixed_p"":4,""alpha"":4,""beta"":64,""ef_min"":8,""ef_max"":512}",1000,0.8786,0.5,4.0,4.0,15909.526,21732.399999999998,6450.738,9601.25,10668.56,469.44,256.0,5094.615
P2,65d6de3c2d363076,"{""policy"":""P2"",""fixed_p"":4,""alpha"":8,""beta"":4,""ef_min"":8,""ef_max"":512}",1000,0.8811,0.4,4.0,4.0,13983.853,19660.05,8205.349,13191.199999999997,14726.13,429.117,388.0,4526.133
P2,cea8aedc61573aad,"{""policy"":""P2"",""fixed_p"":4,""alpha"":8,""beta"":8,""ef_min"":8,""ef_max"":512}",1000,0.884,0.5,4.0,4.0,14461.83,20501.0,8321.117,13304.3,14777.22,443.62,392.0,4663.476
P2,01cabc333ac43b86,"{""policy"":""P2"",""fixed_p"":4,""alpha"":8,""beta"":16,""ef_min"":8,""ef_max"":512}",1000,0.8877,0.5,4.0,4.0,15486.692,21742.85,8544.256,13566.55,15092.5,475.42,400.0,4989.34
P2,82e51035c44d6e05,"{""policy"":""P2"",""fixed_p"":4,""alpha"":8,""beta"":32,""ef_min"":8,""ef_max"":512}",1000,0.8937,0.5,4.0,4.0,17508.039,24463.0,8989.138,14117.15,15794.609999999999,539.484,416.0,5568.002
P2,ebf7cf21ef4322a9,"{""policy"":""P2"",""fixed_p"":4,""alpha"":8,""beta"":64,""ef_min"":8,""ef_max"":512}",1000,0.9027999999999999,0.5,4.0,4.0,21416.279,29700.45,9885.51,15306.35,17008.0,666.958,448.0,6748.2
P2,266ee86389c1f3a6,"{""policy"":""P2"",""fixed_p"":4,""alpha"":16,""beta"":4,""ef_min"":8,""ef_max"":512}",1000,0.9113,0.6,4.0,4.0,23116.237,35231.25,13174.346,20223.5,22445.559999999998,750.068,513.0,7268.845
P2,d240ac2c22f3fd1e,"{""policy"":""P2"",""fixed_p"":4,""alpha"":16,""beta"":8,""ef_min"":8,""ef_max"":512}",1000,0.9126000000000001,0.6,4.0,4.0,23506.565,35809.45,13234.367,20239.6,22501.14,762.212,513.0,7398.99
P2,8ff4b409a7c95e7d,"{""policy"":""P2"",""fixed_p"":4,""alpha"":16,""beta"":16,""ef_min"":8,""ef_max"":512}",1000,0.9144,0.6,4.0,4.0,24385.639,37047.65,13352.403,20349.749999999996,22501.14,789.62,513.0,7693.739
P2,64d550f6d5e40c0a,"{""policy"":""P2"",""fixed_p"":4,""alpha"":16,""beta"":32,""ef_min"":8,""ef_max"":512}",1000,0.9167000000000001,0.6,4.0,4.0,26135.352,39615.799999999996,13573.869,20578.7,22571.489999999998,845.169,513.0,8206.431
P2,fcd9b364c7e6b373,"{""policy"":""P2"",""fixed_p"":4,""alpha"":16,""beta"":64,""ef_min"":8,""ef_max"":512}",1000,0.92,0.6,4.0,4.0,29453.827,44208.75,13976.779,21031.199999999997,22579.41,953.477,513.0,9214.889
P2,12bd0dba7f46c75d,"{""policy"":""P2"",""fixed_p"":5,""alpha"":1,""beta"":4,""ef_min"":8,""ef_max"":512}",1000,0.7425,0.1,5.0,5.0,4034.953,5139.1,1538.127,2345.1,2640.3599999999997,105.005,52.0,1717.593
P2,77b75b908f4633c0,"{""policy"":""P2"",""fixed_p"":5,""alpha"":1,""beta"":8,""ef_min"":8,""ef_max"":512}",1000,0.756,0.2,5.0,5.0,4432.272,5670.599999999999,1681.171,2509.25,2786.14,115.618,56.0,1830.745
P2,7753c643c5a4d510,"{""policy"":""P2"",""fixed_p"":5,""alpha"":1,""beta"":16,""ef_min"":8,""ef_max"":512}",1000,0.7813,0.2,5.0,5.0,5896.084,7649.45,1979.229,2897.2999999999997,3211.4399999999996,155.503,64.0,2267.834
P2,2b884f4926b954bd,"{""policy"":""P2"",""fixed_p"":5,""alpha"":1,""beta"":32,""ef_min"":8,""ef_max"":512}",1000,0.8158,0.3,5.0,5.0,8764.694,11299.25,2601.308,3615.05,4038.01,237.035,80.0,3090.259
P2,4e44796d128f534b,"{""policy"":""P2"",""fixed_p"":5,""alpha"":1,""beta"":64,""ef_min"":8,""ef_max"":512}",1000,0.8546,0.4,5.0,5.0,14070.153,18331.1,3840.153,5102.1,5442.26,396.059,112.0,4661.809
P2,68bb346598465f6c,"{""policy"":""P2"",""fixed_p"":5,""alpha"":2,""beta"":4,""ef_min"":8,""ef_max"":512}",1000,0.7963,0.3,5.0,5.0,5668.832,7284.25,2612.744,4097.299999999999,4551.219999999999,152.314,100.0,2190.442
P2,4166b1adddbccce2,"{""policy"":""P2"",""fixed_p"":5,""alpha"":2,""beta"":8,""ef_min"":8,""ef_max"":512}",1000,0.8069,0.3,5.0,5.0,6156.776,8014.05,2746.833,4238.15,4684.17,165.734,104.0,2326.735
P2,4f9a4f3be118bf19,"{""policy"":""P2"",""fixed_p"":5,""alpha"":2,""beta"":16,""ef_min"":8,""ef_max"":512}",1000,0.8226,0.3,5.0,5.0,7599.25,9952.449999999997,3017.252,4578.799999999999,5085.879999999999,205.942,112.0,2763.887
P2,1084aad8abc2082c,"{""policy"":""P2"",""fixed_p"":5,""alpha"":2,""beta"":32,""ef_min"":8,""ef_max"":512}",1000,0.842,0.3,5.0,5.0,10400.092,13581.599999999999,3563.305,5243.149999999999,5706.429999999999,287.302,128.0,3570.612
P2,f4c2f2cac781e7b9,"{""policy"":""P2"",""fixed_p"":5,""alpha"":2,""beta"":64,""ef_min"":8,""ef_max"":512}",1000,0.8715,0.5,5.0,5.0,15640.777,20434.55,4672.684,6592.15,7174.08,446.428,160.0,5131.466
P2,2e613039a2a4b513,"{""policy"":""P2"",""fixed_p"":5,""alpha"":4,""beta"":4,""ef_min"":8,""ef_max"":512}",1000,0.8471000000000001,0.4,5.0,5.0,8869.352,11852.599999999999,4598.724,7386.1,7997.199999999999,251.479,196.0,3120.239
P2,aacd85c84d3be773,"{""policy"":""P2"",""fixed_p"":5,""alpha"":4,""beta"":8,""ef_min"":8,""ef_max"":512}",1000,0.8519,0.4,5.0,5.0,9418.048,12700.0,4720.839,7494.05,8231.67,266.999,200.0,3281.372
P2,d969fb364580cd42,"{""policy"":""P2"",""fixed_p"":5,""alpha"":4,""beta"":16,""ef_min"":8,""ef_max"":512}",1000,0.8597,0.4,5.0,5.0,10796.629,14517.349999999999,4969.317,7825.949999999999,8617.289999999999,306.961,208.0,3686.496
P2,37be741aac4564eb,"{""policy"":""P2"",""fixed_p"":5,""alpha"":4,""beta"":32,""ef_min"":8,""ef_max"":512}",1000,0.873,0.4,5.0,5.0,13521.269,18246.1,5466.79,8434.5,9101.59,388.215,224.0,4489.998
P2,a45d9fe0ff649a81,"{""policy"":""P2"",""fixed_p"":5,""alpha"":4,""beta"":64,""ef_min"":8,""ef_max"":512}",1000,0.8923,0.5,5.0,5.0,18658.692,24725.6,6462.638,9601.25,10668.56,547.429,256.0,6038.543
P2,4f2d263cf210d713,"{""policy"":""P2"",""fixed_p"":5,""alpha"":8,""beta"":4,""ef_min"":8,""ef_max"":512}",1000,0.8915,0.5,5.0,5.0,14858.572,20844.0,8205.349,13191.199999999997,14726.13,452.943,388.0,4890.737
P2,67afd7d918826416,"{""policy"":""P2"",""fixed_p"":5,""alpha"":8,""beta"":8,""ef_min"":8,""ef_max"":512}",1000,0.8947999999999999,0.5,5.0,5.0,15424.034,21666.399999999998,8321.117,13304.3,14777.22,469.733,392.0,5051.319
P2,3dbfab2ced5e72db,"{""policy"":""P2"",""fixed_p"":5,""alpha"":8,""beta"":16,""ef_min"":8,""ef_max"":512}",1000,0.8993,0.5,5.0,5.0,16732.183,23350.149999999998,8544.256,13566.55,15092.5,509.258,400.0,5461.304
P2,b1d0df5a3fd14818,"{""policy"":""P2"",""fixed_p"":5,""alpha"":8,""beta"":32,""ef_min"":8,""ef_max"":512}",1000,0.906,0.5,5.0,5.0,19354.16,26530.1,8989.167,14117.15,15794.609999999999,590.322,416.0,6219.317
P2,581cee34cc0d8094,"{""policy"":""P2"",""fixed_p"":5,""alpha"":8,""beta"":64,""ef_min"":8,""ef_max"":512}",1000,0.9163,0.6,5.0,5.0,24324.483,33144.7,9887.246,15306.35,17008.0,749.409,448.0,7729.228
P2,2229231a4fcfe34c,"{""policy"":""P2"",""fixed_p"":5,""alpha"":16,""beta"":4,""ef_min"":8,""ef_max"":512}",1000,0.9228,0.6,5.0,5.0,24344.703,37043.7,13174.346,20223.5,22445.559999999998,783.263,513.0,7730.699
P2,7aed42b0abf70802,"{""policy"":""P2"",""fixed_p"":5,""alpha"":16,""beta"":8,""ef_min"":8,""ef_max"":512}",1000,0.9247000000000001,0.6,5.0,5.0,24824.37,37630.4,13234.367,20239.6,22501.14,797.786,513.0,7885.431
P2,e84fac5de5d31030,"{""policy"":""P2"",""fixed_p"":5,""alpha"":16,""beta"":16,""ef_min"":8,""ef_max"":512}",1000,0.9271,0.6,5.0,5.0,25975.807,39342.95,13352.403,20349.749999999996,22501.14,832.694,513.0,8268.609
P2,b01b2e54e32484b3,"{""policy"":""P2"",""fixed_p"":5,""alpha"":16,""beta"":32,""ef_min"":8,""ef_max"":512}",1000,0.93,0.6,5.0,5.0,28305.106,42626.649999999994,13574.7,20578.7,22571.489999999998,904.966,513.0,8948.523
P2,f60f1be42a49cd2d,"{""policy"":""P2"",""fixed_p"":5,""alpha"":16,""beta"":64,""ef_min"":8,""ef_max"":512}",1000,0.9342999999999999,0.7,5.0,5.0,32678.95,48589.2,13976.984,21031.199999999997,22579.41,1044.998,513.0,10289.007
P2,6a2aa88e8c895bec,"{""policy"":""P2"",""fixed_p"":6,""alpha"":1,""beta"":4,""ef_min"":8,""ef_max"":512}",1000,0.7462000000000001,0.2,6.0,6.0,4749.42,5995.599999999999,1546.461,2345.1,2640.3599999999997,124.937,52.0,2037.669
P2,fd128928fd0067bb,"{""policy"":""P2"",""fixed_p"":6,""alpha"":1,""beta"":8,""ef_min"":8,""ef_max"":512}",1000,0.7597,0.2,6.0,6.0,5147.962,6454.05,1686.759,2509.25,2786.14,135.584,56.0,2151.857
P2,b22c971efe059c2a,"{""policy"":""P2"",""fixed_p"":6,""alpha"":1,""beta"":16,""ef_min"":8,""ef_max"":512}",1000,0.7858999999999999,0.3,6.0,6.0,6911.755,8701.849999999999,1995.562,2897.2999999999997,3211.4399999999996,182.992,64.0,2677.547
P2,1a0b4813a0cbea36,"{""policy"":""P2"",""fixed_p"":6,""alpha"":1,""beta"":32,""ef_min"":8,""ef_max"":512}",1000,0.8217000000000001,0.3,6.0,6.0,10439.42,13066.1,2650.096,3615.05,4038.01,281.745,80.0,3697.245
P2,d87d974ef0e8806a,"{""policy"":""P2"",""fixed_p"":6,""alpha"":1,""beta"":64,""ef_min"":8,""ef_max"":512}",1000,0.8606,0.4,6.0,6.0,16918.986,21100.3,3991.516,5106.05,5491.07,473.095,112.0,5623.381
P2,66e50f5d848415bd,"{""policy"":""P2"",""fixed_p"":6,""alpha"":2,""beta"":4,""ef_min"":8,""ef_max"":512}",1000,0.8,0.3,6.0,6.0,6384.497,8016.049999999999,2613.8,4097.299999999999,4551.219999999999,172.279,100.0,2510.647
P2,e1a9586057457ff9,"{""policy"":""P2"",""fixed_p"":6,""alpha"":2,""beta"":8,""ef_min"":8,""ef_max"":512}",1000,0.8108,0.3,6.0,6.0,6884.32,8691.499999999998,2747.345,4238.15,4684.17,185.996,104.0,2651.835
P2,375d73e602fd627c,"{""policy"":""P2"",""fixed_p"":6,""alpha"":2,""beta"":16,""ef_min"":8,""ef_max"":512}",1000,0.8275,0.3,6.0,6.0,8637.631,10985.2,3019.747,4578.799999999999,5085.879999999999,234.02,112.0,3180.831
P2,d249a2e620625033,"{""policy"":""P2"",""fixed_p"":6,""alpha"":2,""beta"":32,""ef_min"":8,""ef_max"":512}",1000,0.8477,0.4,6.0,6.0,12089.578,15307.3,3578.507,5243.149999999999,5706.429999999999,332.427,128.0,4183.244
P2,60044e1a3a5ad53c,"{""policy"":""P2"",""fixed_p"":6,""alpha"":2,""beta"":64,""ef_min"":8,""ef_max"":512}",1000,0.8775,0.5,6.0,6.0,18503.426,23204.0,4737.162,6592.15,7174.08,523.888,160.0,6102.088
P2,25828c85414a1fef,"{""policy"":""P2"",""fixed_p"":6,""alpha"":4,""beta"":4,""ef_min"":8,""ef_max"":512}",1000,0.851,0.4,6.0,6.0,9599.981,12540.9,4598.724,7386.1,7997.199999999999,271.822,196.0,3445.202
P2,cbad6805660063b9,"{""policy"":""P2"",""fixed_p"":6,""alpha"":4,""beta"":8,""ef_min"":8,""ef_max"":512}",1000,0.8561,0.4,6.0,6.0,10186.207,13426.25,4720.839,7494.05,8231.67,288.324,200.0,3614.821
P2,6daf53243cfcd274,"{""policy"":""P2"",""fixed_p"":6,""alpha"":4,""beta"":16,""ef_min"":8,""ef_max"":512}",1000,0.8647,0.4,6.0,6.0,11870.021,15613.349999999999,4969.317,7825.949999999999,8617.289999999999,336.039,208.0,4114.796
P2,12af35c953617fdb,"{""policy"":""P2"",""fixed_p"":6,""alpha"":4,""beta"":32,""ef_min"":8,""ef_max"":512}",1000,0.8787999999999999,0.4950000000000003,6.0,6.0,15247.343,19894.05,5467.616,8434.5,9101.59,434.328,224.0,5111.397
P2,23ff89a144c1628c,"{""policy"":""P2"",""fixed_p"":6,""alpha"":4,""beta"":64,""ef_min"":8,""ef_max"":512}",1000,0.8983,0.5,6.0,6.0,21548.992,27452.15,6479.283,9601.25,10668.56,625.738,256.0,7015.783
P2,45ec77d9179bc01c,"{""policy"":""P2"",""fixed_p"":6,""alpha"":8,""beta"":4,""ef_min"":8,""ef_max"":512}",1000,0.8959,0.5,6.0,6.0,15652.875,21575.699999999997,8205.349,13191.199999999997,14726.13,474.968,388.0,5233.238
P2,d26f39ff3cb77697,"{""policy"":""P2"",""fixed_p"":6,""alpha"":8,""beta"":8,""ef_min"":8,""ef_max"":512}",1000,0.8993,0.5,6.0,6.0,16269.38,22592.25,8321.117,13304.3,14777.22,493.126,392.0,5409.51
P2,cca52b034039d6f5,"{""policy"":""P2"",""fixed_p"":6,""alpha"":8,""beta"":16,""ef_min"":8,""ef_max"":512}",1000,0.9047000000000001,0.5,6.0,6.0,17877.633,24534.199999999997,8544.256,13566.55,15092.5,540.333,400.0,5909.387
P2,80194cfb78770361,"{""policy"":""P2"",""fixed_p"":6,""alpha"":8,""beta"":32,""ef_min"":8,""ef_max"":512}",1000,0.9117999999999999,0.6,6.0,6.0,21149.028,28335.6,8989.167,14117.15,15794.609999999999,638.364,416.0,6864.529
P2,cd1ab4523bfac99e,"{""policy"":""P2"",""fixed_p"":6,""alpha"":8,""beta"":64,""ef_min"":8,""ef_max"":512}",1000,0.9222,0.6,6.0,6.0,27278.255,35712.4,9887.667,15306.35,17008.0,829.627,448.0,8724.735
P2,aca830c80cd1a408,"{""policy"":""P2"",""fixed_p"":6,""alpha"":16,""beta"":4,""ef_min"":8,""ef_max"":512}",1000,0.9278,0.6,6.0,6.0,25286.767,37872.399999999994,13174.346,20223.5,22445.559999999998,809.349,513.0,8115.545
P2,acec76cacbd144b8,"{""policy"":""P2"",""fixed_p"":6,""alpha"":16,""beta"":8,""ef_min"":8,""ef_max"":512}",1000,0.9298,0.6,6.0,6.0,25819.501,38691.1,13234.367,20239.6,22501.14,825.312,513.0,8283.53
P2,48ff4dd48b73aad2,"{""policy"":""P2"",""fixed_p"":6,""alpha"":16,""beta"":16,""ef_min"":8,""ef_max"":512}",1000,0.9327000000000001,0.6950000000000003,6.0,6.0,27256.725,40806.4,13352.403,20349.749999999996,22501.14,867.63,513.0,8754.628
P2,d9445040163def1d,"{""policy"":""P2"",""fixed_p"":6,""alpha"":16,""beta"":32,""ef_min"":8,""ef_max"":512}",1000,0.9356,0.7,6.0,6.0,30228.509,44525.45,13574.7,20578.7,22571.489999999998,956.807,513.0,9624.397
P2,987589a903fc9f81,"{""policy"":""P2"",""fixed_p"":6,""alpha"":16,""beta"":64,""ef_min"":8,""ef_max"":512}",1000,0.9402,0.7,6.0,6.0,35756.169,51078.649999999994,13976.984,21031.199999999997,22579.41,1128.929,513.0,11317.474
P2,1ad897ba9a8d2f99,"{""policy"":""P2"",""fixed_p"":7,""alpha"":1,""beta"":4,""ef_min"":8,""ef_max"":512}",1000,0.7495,0.2,7.0,7.0,5451.446,6760.25,1556.402,2345.1,2640.3599999999997,146.358,52.0,2364.089
P2,b3b6705dac6d9a41,"{""policy"":""P2"",""fixed_p"":7,""alpha"":1,""beta"":8,""ef_min"":8,""ef_max"":512}",1000,0.763,0.2,7.0,7.0,5850.092,7146.65,1693.242,2509.25,2786.14,157.007,56.0,2478.155
P2,ff4701a77db774be,"{""policy"":""P2"",""fixed_p"":7,""alpha"":1,""beta"":16,""ef_min"":8,""ef_max"":512}",1000,0.7895,0.3,7.0,7.0,7877.166,9589.05,2007.409,2897.2999999999997,3211.4399999999996,211.62,64.0,3088.298
P2,e65b32909a108787,"{""policy"":""P2"",""fixed_p"":7,""alpha"":1,""beta"":32,""ef_min"":8,""ef_max"":512}",1000,0.8256,0.3,7.0,7.0,12018.112,14731.4,2683.698,3615.05,4038.01,327.975,80.0,4302.129
P2,58144f48eded8e74,"{""policy"":""P2"",""fixed_p"":7,""alpha"":1,""beta"":64,""ef_min"":8,""ef_max"":512}",1000,0.8647999999999999,0.4,7.0,7.0,19563.599,23812.25,4063.957,5107.25,5491.07,551.642,112.0,6569.86
P2,e4f3c43a88a38292,"{""policy"":""P2"",""fixed_p"":7,""alpha"":2,""beta"":4,""ef_min"":8,""ef_max"":512}",1000,0.8032999999999999,0.3,7.0,7.0,7086.58,8800.05,2615.213,4097.299999999999,4551.219999999999,193.701,100.0,2837.213
P2,416e388ed11329d2,"{""policy"":""P2"",""fixed_p"":7,""alpha"":2,""beta"":8,""ef_min"":8,""ef_max"":512}",1000,0.8141,0.3,7.0,7.0,7588.844,9363.0,2748.226,4238.15,4684.17,207.477,104.0,2979.743
P2,f28f31b7f5408fb7,"{""policy"":""P2"",""fixed_p"":7,""alpha"":2,""beta"":16,""ef_min"":8,""ef_max"":512}",1000,0.8311000000000001,0.3,7.0,7.0,9608.503,11932.2,3022.597,4578.799999999999,5085.879999999999,262.799,112.0,3592.266
P2,eecc6cbabca8c2d5,"{""policy"":""P2"",""fixed_p"":7,""alpha"":2,""beta"":32,""ef_min"":8,""ef_max"":512}",1000,0.8513999999999999,0.4,7.0,7.0,13671.748,16879.8,3589.16,5243.149999999999,5706.429999999999,378.75,128.0,4789.76
P2,d6023a0e17acea44,"{""policy"":""P2"",""fixed_p"":7,""alpha"":2,""beta"":64,""ef_min"":8,""ef_max"":512}",1000,0.8817,0.5,7.0,7.0,21152.69,25922.1,4771.116,6592.15,7174.08,602.561,160.0,7048.16
P2,538350051276ef96,"{""policy"":""P2"",""fixed_p"":7,""alpha"":4,""beta"":4,""ef_min"":8,""ef_max"":512}",1000,0.8541,0.4,7.0,7.0,10304.952,13188.55,4598.724,7386.1,7997.199999999999,293.311,196.0,3772.686
P2,bb63594e9c8ee1e4,"{""policy"":""P2"",""fixed_p"":7,""alpha"":4,""beta"":8,""ef_min"":8,""ef_max"":512}",1000,0.8591,0.4,7.0,7.0,10901.957,14110.05,4720.839,7494.05,8231.67,310.08,200.0,3945.6
P2,96201e17bf30662e,"{""policy"":""P2"",""fixed_p"":7,""alpha"":4,""beta"":16,""ef_min"":8,""ef_max"":512}",1000,0.868,0.4,7.0,7.0,12853.76,16533.399999999998,4969.317,7825.949999999999,8617.289999999999,365.138,208.0,4532.89
P2,948787a04ea00329,"{""policy"":""P2"",""fixed_p"":7,""alpha"":4,""beta"":32,""ef_min"":8,""ef_max"":512}",1000,0.8824,0.5,7.0,7.0,16841.176,21436.899999999998,5470.453,8434.5,9101.59,480.95,224.0,5718.044
P2,89130bc4dc9a411c,"{""policy"":""P2"",""fixed_p"":7,""alpha"":4,""beta"":64,""ef_min"":8,""ef_max"":512}",1000,0.9024,0.5,7.0,7.0,24208.001,30004.6,6491.374,9601.25,10668.56,704.697,256.0,7964.769
P2,94ff7a4610ee4ca9,"{""policy"":""P2"",""fixed_p"":7,""alpha"":8,""beta"":4,""ef_min"":8,""ef_max"":512}",1000,0.8987,0.5,7.0,7.0,16374.46,22333.199999999997,8205.349,13191.199999999997,14726.13,496.858,388.0,5565.267
P2,97c8904775d72ed5,"{""policy"":""P2"",""fixed_p"":7,""alpha"":8,""beta"":8,""ef_min"":8,""ef_max"":512}",1000,0.9021,0.5,7.0,7.0,17011.046,23262.25,8321.117,13304.3,14777.22,515.543,392.0,5747.809
P2,d4ea67a0492b288c,"{""policy"":""P2"",""fixed_p"":7,""alpha"":8,""beta"":16,""ef_min"":8,""ef_max"":512}",1000,0.908,0.5950000000000003,7.0,7.0,18884.885,25520.75,8544.256,13566.55,15092.5,570.031,400.0,6331.877
P2,0abcb852e22c5bc1,"{""policy"":""P2"",""fixed_p"":7,""alpha"":8,""beta"":32,""ef_min"":8,""ef_max"":512}",1000,0.9155,0.6,7.0,7.0,22763.924,29854.899999999998,8989.167,14117.15,15794.609999999999,685.567,416.0,7478.289
P2,2c3c0c5c937c73f7,"{""policy"":""P2"",""fixed_p"":7,""alpha"":8,""beta"":64,""ef_min"":8,""ef_max"":512}",1000,0.9264,0.6,7.0,7.0,29959.329,38317.1,9888.99,15306.35,17008.0,909.202,448.0,9678.745
P2,757ca4f6b43765c7,"{""policy"":""P2"",""fixed_p"":7,""alpha"":16,""beta"":4,""ef_min"":8,""ef_max"":512}",1000,0.9308,0.6,7.0,7.0,26058.436,38715.6,13174.346,20223.5,22445.559999999998,832.534,513.0,8462.712
P2,48f1dbdd413807cb,"{""policy"":""P2"",""fixed_p"":7,""alpha"":16,""beta"":8,""ef_min"":8,""ef_max"":512}",1000,0.9328,0.6950000000000003,7.0,7.0,26608.672,39660.25,13234.367,20239.6,22501.14,848.966,513.0,8633.037
P2,881714592ce36b45,"{""policy"":""P2"",""fixed_p"":7,""alpha"":16,""beta"":16,""ef_min"":8,""ef_max"":512}",1000,0.9361,0.7,7.0,7.0,28311.234,41779.74999999999,13352.403,20349.749999999996,22501.14,898.622,513.0,9188.938
P2,a72b4455367f211c,"{""policy"":""P2"",""fixed_p"":7,""alpha"":16,""beta"":32,""ef_min"":8,""ef_max"":512}",1000,0.9394,0.7,7.0,7.0,31882.861,46127.7,13574.7,20578.7,22571.489999999998,1005.069,513.0,10250.655
P2,403938dec9bdd531,"{""policy"":""P2"",""fixed_p"":7,""alpha"":16,""beta"":64,""ef_min"":8,""ef_max"":512}",1000,0.9444,0.7,7.0,7.0,38481.924,53888.799999999996,13976.984,21031.199999999997,22579.41,1209.733,513.0,12287.802
P2,4215888c3a9d8671,"{""policy"":""P2"",""fixed_p"":8,""alpha"":1,""beta"":4,""ef_min"":8,""ef_max"":512}",1000,0.7507,0.2,8.0,8.0,6210.504,7582.799999999999,1560.644,2345.1,2640.3599999999997,167.715,52.0,2710.793
P2,ed620f5358a8f67a,"{""policy"":""P2"",""fixed_p"":8,""alpha"":1,""beta"":8,""ef_min"":8,""ef_max"":512}",1000,0.7642,0.2,8.0,8.0,6609.15,7951.25,1695.605,2509.25,2786.14,178.364,56.0,2824.834
P2,3d7aad861d505da2,"{""policy"":""P2"",""fixed_p"":8,""alpha"":1,""beta"":16,""ef_min"":8,""ef_max"":512}",1000,0.7908999999999999,0.3,8.0,8.0,8936.652,10679.15,2014.76,2897.2999999999997,3211.4399999999996,240.347,64.0,3530.651
P2,28f6a0a52bc0f16f,"{""policy"":""P2"",""fixed_p"":8,""alpha"":1,""beta"":32,""ef_min"":8,""ef_max"":512}",1000,0.8278,0.3,8.0,8.0,13763.863,16468.25,2703.609,3616.2999999999997,4038.01,374.344,80.0,4959.702
P2,8c5e1e4fb14edb6b,"{""policy"":""P2"",""fixed_p"":8,""alpha"":1,""beta"":64,""ef_min"":8,""ef_max"":512}",1000,0.8673,0.5,8.0,8.0,22495.467,26659.149999999998,4094.192,5112.549999999999,5498.139999999999,630.289,112.0,7608.46
P2,3294b6bb96f54c43,"{""policy"":""P2"",""fixed_p"":8,""alpha"":2,""beta"":4,""ef_min"":8,""ef_max"":512}",1000,0.8045,0.3,8.0,8.0,7845.638,9530.35,2616.107,4097.299999999999,4551.219999999999,215.058,100.0,3183.917
P2,8696075ec3d98ab7,"{""policy"":""P2"",""fixed_p"":8,""alpha"":2,""beta"":8,""ef_min"":8,""ef_max"":512}",1000,0.8152999999999999,0.3,8.0,8.0,8347.906,10176.699999999999,2748.837,4238.15,4684.17,228.835,104.0,3326.4
P2,73012063e0606c6a,"{""policy"":""P2"",""fixed_p"":8,""alpha"":2,""beta"":16,""ef_min"":8,""ef_max"":512}",1000,0.8324,0.3,8.0,8.0,10668.6,12927.099999999999,3024.109,4578.799999999999,5085.879999999999,291.546,112.0,4034.944
P2,039095c0dfb6ee58,"{""policy"":""P2"",""fixed_p"":8,""alpha"":2,""beta"":32,""ef_min"":8,""ef_max"":512}",1000,0.8535,0.4,8.0,8.0,15418.412,18610.35,3592.954,5243.149999999999,5706.429999999999,425.14,128.0,5448.196
P2,348a69a089d6b983,"{""policy"":""P2"",""fixed_p"":8,""alpha"":2,""beta"":64,""ef_min"":8,""ef_max"":512}",1000,0.8841,0.5,8.0,8.0,24085.569,28813.899999999998,4782.724,6592.15,7174.08,681.238,160.0,8087.492
P2,36cb4e67ed81c1ec,"{""policy"":""P2"",""fixed_p"":8,""alpha"":4,""beta"":4,""ef_min"":8,""ef_max"":512}",1000,0.8551,0.4,8.0,8.0,11064.014,14004.249999999998,4598.724,7386.1,7997.199999999999,314.669,196.0,4119.433
P2,2a48736411a932d2,"{""policy"":""P2"",""fixed_p"":8,""alpha"":4,""beta"":8,""ef_min"":8,""ef_max"":512}",1000,0.8601,0.4,8.0,8.0,11663.378,14889.699999999997,4720.839,7494.05,8231.67,331.491,200.0,4293.252
P2,0e52ddf274cf4273,"{""policy"":""P2"",""fixed_p"":8,""alpha"":4,""beta"":16,""ef_min"":8,""ef_max"":512}",1000,0.8692000000000001,0.4,8.0,8.0,13915.629,17704.1,4969.317,7825.949999999999,8617.289999999999,393.929,208.0,4976.018
P2,c6a0f7d92acb4772,"{""policy"":""P2"",""fixed_p"":8,""alpha"":4,""beta"":32,""ef_min"":8,""ef_max"":512}",1000,0.8844,0.5,8.0,8.0,18589.539,23190.0,5470.453,8434.5,9101.59,527.386,224.0,6377.286
P2,447db60ca63a2c0b,"{""policy"":""P2"",""fixed_p"":8,""alpha"":4,""beta"":64,""ef_min"":8,""ef_max"":512}",1000,0.9047999999999999,0.5950000000000003,8.0,8.0,27142.074,32881.05,6493.075,9601.25,10668.56,783.408,256.0,9005.406
P2,ea69033443c3b1fd,"{""policy"":""P2"",""fixed_p"":8,""alpha"":8,""beta"":4,""ef_min"":8,""ef_max"":512}",1000,0.8997,0.5,8.0,8.0,17135.941,23147.899999999998,8205.349,13191.199999999997,14726.13,518.272,388.0,5912.946
P2,31e271005e20c68b,"{""policy"":""P2"",""fixed_p"":8,""alpha"":8,""beta"":8,""ef_min"":8,""ef_max"":512}",1000,0.9031,0.5,8.0,8.0,17774.965,24119.0,8321.117,13304.3,14777.22,537.02,392.0,6096.35
P2,329a5e55f2c04260,"{""policy"":""P2"",""fixed_p"":8,""alpha"":8,""beta"":16,""ef_min"":8,""ef_max"":512}",1000,0.9092,0.6,8.0,8.0,19948.874,26543.4,8544.256,13566.55,15092.5,598.882,400.0,6775.651
P2,339fe8da261c1a14,"{""policy"":""P2"",""fixed_p"":8,""alpha"":8,""beta"":32,""ef_min"":8,""ef_max"":512}",1000,0.9175,0.6,8.0,8.0,24516.388,31589.55,8989.167,14117.15,15794.609999999999,732.109,416.0,8138.604
P2,949478a58092ae27,"{""policy"":""P2"",""fixed_p"":8,""alpha"":8,""beta"":64,""ef_min"":8,""ef_max"":512}",1000,0.9287000000000001,0.6,8.0,8.0,32895.774,41201.9,9889.519,15306.35,17008.0,987.976,448.0,10719.015
P2,8f837e5fab65beab,"{""policy"":""P2"",""fixed_p"":8,""alpha"":16,""beta"":4,""ef_min"":8,""ef_max"":512}",1000,0.9318,0.7,8.0,8.0,26825.292,39529.1,13174.346,20223.5,22445.559999999998,854.093,513.0,8811.686
P2,944200383cd94691,"{""policy"":""P2"",""fixed_p"":8,""alpha"":16,""beta"":8,""ef_min"":8,""ef_max"":512}",1000,0.9338,0.7,8.0,8.0,27377.578,40361.34999999999,13234.367,20239.6,22501.14,870.581,513.0,8982.611
P2,42b992a315fa4229,"{""policy"":""P2"",""fixed_p"":8,""alpha"":16,""beta"":16,""ef_min"":8,""ef_max"":512}",1000,0.9372999999999999,0.7,8.0,8.0,29379.716,42838.549999999996,13352.403,20349.749999999996,22501.14,927.604,513.0,9633.77
P2,da72110733effdf8,"{""policy"":""P2"",""fixed_p"":8,""alpha"":16,""beta"":32,""ef_min"":8,""ef_max"":512}",1000,0.9414,0.7,8.0,8.0,33639.283,48024.6,13574.7,20578.7,22571.489999999998,1051.75,513.0,10912.058
P2,c00f7c7a141e42bb,"{""policy"":""P2"",""fixed_p"":8,""alpha"":16,""beta"":64,""ef_min"":8,""ef_max"":512}",1000,0.9466,0.7,8.0,8.0,41423.441,56973.0,13976.984,21031.199999999997,22579.41,1288.657,513.0,13328.712
P3,e7972f0fb23a4132,"{""policy"":""P3"",""alpha"":1,""beta"":4,""ef_min"":8,""ef_max"":512}",1000,0.7456,0.2,4.486,7.0,3644.331,5458.45,1533.898,2345.1,2640.3599999999997,89.749,52.0,1528.472
P3,d72ec85154fba925,"{""policy"":""P3"",""alpha"":1,""beta"":8,""ef_min"":8,""ef_max"":512}",1000,0.7591,0.2,4.486,7.0,4042.977,6253.749999999999,1677.782,2509.25,2786.14,100.398,56.0,1642.513
P3,292d5183cbeaa920,"{""policy"":""P3"",""alpha"":1,""beta"":16,""ef_min"":8,""ef_max"":512}",1000,0.7848999999999999,0.3,4.486,7.0,5413.089,8799.849999999999,1972.31,2897.2999999999997,3211.4399999999996,136.976,64.0,2039.539
P3,6393d4ec9e3896f2,"{""policy"":""P3"",""alpha"":1,""beta"":32,""ef_min"":8,""ef_max"":512}",1000,0.8209,0.3,4.486,7.0,8025.38,13336.75,2571.059,3615.05,4038.01,209.467,80.0,2772.187
P3,6c90089b461b5375,"{""policy"":""P3"",""alpha"":1,""beta"":64,""ef_min"":8,""ef_max"":512}",1000,0.8602000000000001,0.4,4.486,7.0,12893.132,21988.35,3757.483,5071.9,5416.26,351.777,112.0,4171.596
P3,344cb859294ea8f0,"{""policy"":""P3"",""alpha"":2,""beta"":4,""ef_min"":8,""ef_max"":512}",1000,0.7994,0.3,4.486,7.0,5279.465,7731.15,2612.23,4097.299999999999,4551.219999999999,137.092,100.0,2001.596
P3,25c7a9e29d8c4a1b,"{""policy"":""P3"",""alpha"":2,""beta"":8,""ef_min"":8,""ef_max"":512}",1000,0.8102,0.3,4.486,7.0,5781.733,8751.3,2746.4,4238.15,4684.17,150.869,104.0,2144.079
P3,78c7c8e25a68b85a,"{""policy"":""P3"",""alpha"":2,""beta"":16,""ef_min"":8,""ef_max"":512}",1000,0.8266,0.3,4.486,7.0,7145.037,11173.8,3015.995,4578.799999999999,5085.879999999999,188.175,112.0,2543.832
P3,be29b05e5d7897b3,"{""policy"":""P3"",""alpha"":2,""beta"":32,""ef_min"":8,""ef_max"":512}",1000,0.847,0.4,4.486,7.0,9679.929,15630.25,3554.544,5243.149999999999,5706.429999999999,260.263,128.0,3260.681
P3,2ea0b8de6fd0db5c,"{""policy"":""P3"",""alpha"":2,""beta"":64,""ef_min"":8,""ef_max"":512}",1000,0.8771,0.5,4.486,7.0,14483.234,23932.899999999998,4633.152,6592.15,7174.08,402.726,160.0,4650.628
P3,814d6720c48a72dd,"{""policy"":""P3"",""alpha"":4,""beta"":4,""ef_min"":8,""ef_max"":512}",1000,0.8503999999999999,0.4,4.486,7.0,8497.841,12480.3,4598.724,7386.1,7997.199999999999,236.703,196.0,2937.112
P3,7c005f1374fb912b,"{""policy"":""P3"",""alpha"":4,""beta"":8,""ef_min"":8,""ef_max"":512}",1000,0.8556,0.4,4.486,7.0,9097.205,13458.15,4720.839,7494.05,8231.67,253.525,200.0,3110.931
P3,358a491001887f24,"{""policy"":""P3"",""alpha"":4,""beta"":16,""ef_min"":8,""ef_max"":512}",1000,0.8639,0.4,4.486,7.0,10392.066,15726.15,4969.317,7825.949999999999,8617.289999999999,290.558,208.0,3484.906
P3,54157b37569f2f20,"{""policy"":""P3"",""alpha"":4,""beta"":32,""ef_min"":8,""ef_max"":512}",1000,0.878,0.5,4.486,7.0,12851.056,20105.75,5465.38,8434.5,9101.59,362.509,224.0,4189.771
P3,2c4c5214ba1ae4e5,"{""policy"":""P3"",""alpha"":4,""beta"":64,""ef_min"":8,""ef_max"":512}",1000,0.8977999999999999,0.5,4.486,7.0,17539.739,28195.05,6451.706,9601.25,10668.56,504.896,256.0,5568.542
P3,dd0c067bf87bc724,"{""policy"":""P3"",""alpha"":8,""beta"":4,""ef_min"":8,""ef_max"":512}",1000,0.8953,0.5,4.486,7.0,14569.768,21413.899999999998,8205.349,13191.199999999997,14726.13,440.306,388.0,4730.625
P3,0b91ed752bb6a7d1,"{""policy"":""P3"",""alpha"":8,""beta"":8,""ef_min"":8,""ef_max"":512}",1000,0.8987,0.5,4.486,7.0,15208.792,22527.799999999996,8321.117,13304.3,14777.22,459.054,392.0,4914.029
P3,ccc466d26ad2afba,"{""policy"":""P3"",""alpha"":8,""beta"":16,""ef_min"":8,""ef_max"":512}",1000,0.9038999999999999,0.5,4.486,7.0,16425.311,24696.6,8544.256,13566.55,15092.5,495.511,400.0,5284.539
P3,d784bfe0d0b18bd6,"{""policy"":""P3"",""alpha"":8,""beta"":32,""ef_min"":8,""ef_max"":512}",1000,0.9112,0.6,4.486,7.0,18777.905,28700.499999999996,8989.138,14117.15,15794.609999999999,567.232,416.0,5951.089
P3,810fe91a31e09709,"{""policy"":""P3"",""alpha"":8,""beta"":64,""ef_min"":8,""ef_max"":512}",1000,0.9218,0.6,4.486,7.0,23293.439,36613.1,9885.887,15306.35,17008.0,709.464,448.0,7282.151
P3,fdd1cea4e811c4f6,"{""policy"":""P3"",""alpha"":16,""beta"":4,""ef_min"":8,""ef_max"":512}",1000,0.9275,0.6,4.486,7.0,24259.119,38382.65,13174.346,20223.5,22445.559999999998,776.127,513.0,7629.365
P3,52729bdd5babfc1b,"{""policy"":""P3"",""alpha"":16,""beta"":8,""ef_min"":8,""ef_max"":512}",1000,0.9295,0.6,4.486,7.0,24811.405,39227.75,13234.367,20239.6,22501.14,792.615,513.0,7800.29
P3,5b8b43de6bcec348,"{""policy"":""P3"",""alpha"":16,""beta"":16,""ef_min"":8,""ef_max"":512}",1000,0.9321,0.7,4.486,7.0,25856.153,41262.0,13352.403,20349.749999999996,22501.14,824.233,513.0,8142.658
P3,1bad3cd36c2f007b,"{""policy"":""P3"",""alpha"":16,""beta"":32,""ef_min"":8,""ef_max"":512}",1000,0.9351,0.7,4.486,7.0,27900.8,45017.15,13574.7,20578.7,22571.489999999998,886.873,513.0,8724.543
P3,32391ffa87f44c71,"{""policy"":""P3"",""alpha"":16,""beta"":64,""ef_min"":8,""ef_max"":512}",1000,0.9398,0.7,4.486,7.0,31821.106,52497.95,13976.984,21031.199999999997,22579.41,1010.145,513.0,9891.848
