experiment_id,timestamp,git_commit,dataset,dataset_checksum,partition_method,partition_seed,logical_shards,physical_hosts,logical_to_physical_mapping,vector_count,dimension,distance_metric,HNSW_M,HNSW_efConstruction,efSearch,navigation_sample_size,navigation_sample_rate,k_nav,shard_size_mean,shard_size_std,shard_size_min,shard_size_max,edge_cut_ratio,traversal_weighted_edge_cut,mean_retained_degree_ratio,largest_component_fraction,mean_path_shards,mean_path_transitions,mean_local_target_recall,mean_local_distance_computations,P_exact_mean,P_exact_p95,P_HNSW_mean,P_HNSW_p95,Delta_P_mean,W90_mean,W90_p95
c23-20260821-v1-glove-200-angular-random-m2,2026-08-22T09:46:07.674886Z,fe61fdac6760bc4d2bcd00cc512218d5fbd7e424,glove-200-angular,4839085e5a8bb293434a1a66e1aa0193afc3f07c6797a85f1dbd91656172da20,random,20260820,2,4,"{""microbenchmark_execution"":""one logical shard at a time"",""physical_host_count"":4,""rule"":""logical_shard_id modulo 4""}",1183514,200,cosine,32,200,320,,,,591757.0,575.0,591182,592332,0.4999751834022989,0.5001030236637634,0.5000383720407595,0.9995158485662189,2.0,5488.692555555555,0.927929764729142,10992.715024466192,1.9774444444444443,2.0,2.165,3.0,0.18755555555555556,21809.474,30467.149999999998
c23-20260821-v1-glove-200-angular-random-m4,2026-08-22T09:46:07.674886Z,fe61fdac6760bc4d2bcd00cc512218d5fbd7e424,glove-200-angular,4839085e5a8bb293434a1a66e1aa0193afc3f07c6797a85f1dbd91656172da20,random,20260820,4,4,"{""microbenchmark_execution"":""one logical shard at a time"",""physical_host_count"":4,""rule"":""logical_shard_id modulo 4""}",1183514,200,cosine,32,200,320,,,,295878.5,347.1897895964108,295354,296306,0.7500329434701026,0.7502472745164442,0.2499809334432682,0.9955775766066138,4.0,8237.887333333334,0.9529389640188606,11007.037300700124,3.1453333333333333,4.0,3.432111111111111,5.0,0.2867777777777778,36839.673,59515.05
c23-20260821-v1-glove-200-angular-random-m8,2026-08-22T09:46:07.674886Z,fe61fdac6760bc4d2bcd00cc512218d5fbd7e424,glove-200-angular,4839085e5a8bb293434a1a66e1aa0193afc3f07c6797a85f1dbd91656172da20,random,20260820,8,4,"{""microbenchmark_execution"":""one logical shard at a time"",""physical_host_count"":4,""rule"":""logical_shard_id modulo 4""}",1183514,200,cosine,32,200,320,,,,147939.25,317.10359111810766,147530,148470,0.8750032355631231,0.8750623699538292,0.12506303007155367,0.9733057657112633,8.0,9610.047666666667,0.974425530580896,10972.544117370451,4.929111111111111,6.0,5.2395555555555555,9.0,0.31044444444444447,57334.018,104133.09999999995
c23-20260821-v1-glove-200-angular-random-m16,2026-08-22T09:46:07.674886Z,fe61fdac6760bc4d2bcd00cc512218d5fbd7e424,glove-200-angular,4839085e5a8bb293434a1a66e1aa0193afc3f07c6797a85f1dbd91656172da20,random,20260820,16,4,"{""microbenchmark_execution"":""one logical shard at a time"",""physical_host_count"":4,""rule"":""logical_shard_id modulo 4""}",1183514,200,cosine,32,200,320,,,,73969.625,215.50547411840842,73581,74353,0.937555463822211,0.9375913686212414,0.062484858163335294,0.8812798158703657,16.0,10295.555888888888,0.9894949332710338,10698.818678270012,6.610888888888889,8.0,6.809,8.0,0.1981111111111111,72824.488,104584.99999999997
c23-20260821-v1-glove-200-angular-random-m32,2026-08-22T09:46:07.674886Z,fe61fdac6760bc4d2bcd00cc512218d5fbd7e424,glove-200-angular,4839085e5a8bb293434a1a66e1aa0193afc3f07c6797a85f1dbd91656172da20,random,20260820,32,4,"{""microbenchmark_execution"":""one logical shard at a time"",""physical_host_count"":4,""rule"":""logical_shard_id modulo 4""}",1183514,200,cosine,32,200,320,,,,36984.8125,176.69968122141591,36675,37353,0.9687997464768514,0.96893780582191,0.031216023139385936,0.6106290250896905,32.0,10639.541555555556,0.9971986648956097,9909.693432614693,7.6995555555555555,9.0,7.754555555555555,9.0,0.055,76668.75666666667,100983.79999999999
c23-20260821-v1-glove-200-angular-kmeans-m2,2026-08-22T09:46:07.674886Z,fe61fdac6760bc4d2bcd00cc512218d5fbd7e424,glove-200-angular,4839085e5a8bb293434a1a66e1aa0193afc3f07c6797a85f1dbd91656172da20,kmeans,20260820,2,4,"{""microbenchmark_execution"":""one logical shard at a time"",""physical_host_count"":4,""rule"":""logical_shard_id modulo 4""}",1183514,200,cosine,32,200,320,,,,591757.0,236342.0,355415,828099,0.18262797795988286,0.15916042514759374,0.8193019456980056,0.9995885135283571,2.0,2191.4846666666667,0.9057685526855268,10740.146789667897,1.3296666666666668,2.0,1.6703333333333332,3.0,0.3406666666666667,15873.027444444444,28516.249999999996
c23-20260821-v1-glove-200-angular-kmeans-m4,2026-08-22T09:46:07.674886Z,fe61fdac6760bc4d2bcd00cc512218d5fbd7e424,glove-200-angular,4839085e5a8bb293434a1a66e1aa0193afc3f07c6797a85f1dbd91656172da20,kmeans,20260820,4,4,"{""microbenchmark_execution"":""one logical shard at a time"",""physical_host_count"":4,""rule"":""logical_shard_id modulo 4""}",1183514,200,cosine,32,200,320,,,,295878.5,141739.88967912315,177560,528812,0.27809444113502046,0.24085503574452727,0.7220880009957564,0.9989387535762145,4.0,3432.8547777777776,0.9116130504220854,10839.154532120856,1.5385555555555555,3.0,2.1398888888888887,5.0,0.6013333333333334,21912.430888888888,54620.05
c23-20260821-v1-glove-200-angular-kmeans-m8,2026-08-22T09:46:07.674886Z,fe61fdac6760bc4d2bcd00cc512218d5fbd7e424,glove-200-angular,4839085e5a8bb293434a1a66e1aa0193afc3f07c6797a85f1dbd91656172da20,kmeans,20260820,8,4,"{""microbenchmark_execution"":""one logical shard at a time"",""physical_host_count"":4,""rule"":""logical_shard_id modulo 4""}",1183514,200,cosine,32,200,320,,,,147939.25,54258.164389679645,68251,256096,0.38286345445511616,0.3510287291348217,0.6200044652829055,0.9975243216387808,8.0,4926.976111111111,0.9280811769152104,10591.630112044819,1.8713333333333333,4.0,2.699888888888889,9.0,0.8285555555555556,27734.65066666667,98262.15
c23-20260821-v1-glove-200-angular-kmeans-m16,2026-08-22T09:46:07.674886Z,fe61fdac6760bc4d2bcd00cc512218d5fbd7e424,glove-200-angular,4839085e5a8bb293434a1a66e1aa0193afc3f07c6797a85f1dbd91656172da20,kmeans,20260820,16,4,"{""microbenchmark_execution"":""one logical shard at a time"",""physical_host_count"":4,""rule"":""logical_shard_id modulo 4""}",1183514,200,cosine,32,200,320,,,,73969.625,25429.31636388157,20789,119678,0.40790288227783955,0.38649411773618225,0.5950921634796098,0.9954288669166567,15.86111111111111,5368.683333333333,0.949095894191393,10068.450996781878,2.1136666666666666,5.0,3.089777777777778,17.0,0.9761111111111112,30664.237555555555,172905.44999999998
c23-20260821-v1-glove-200-angular-kmeans-m32,2026-08-22T09:46:07.674886Z,fe61fdac6760bc4d2bcd00cc512218d5fbd7e424,glove-200-angular,4839085e5a8bb293434a1a66e1aa0193afc3f07c6797a85f1dbd91656172da20,kmeans,20260820,32,4,"{""microbenchmark_execution"":""one logical shard at a time"",""physical_host_count"":4,""rule"":""logical_shard_id modulo 4""}",1183514,200,cosine,32,200,320,,,,36984.8125,15414.836654659814,15843,68153,0.4763263276198857,0.45561525352212057,0.5312960092640093,0.9946582803414239,31.68188888888889,6243.324444444444,0.968512446172294,9148.506849315068,2.418111111111111,5.0,3.308777777777778,6.0,0.8906666666666667,29511.80422222222,67109.24999999996
c23-20260821-v1-glove-200-angular-orion-m2,2026-08-22T09:46:07.674886Z,fe61fdac6760bc4d2bcd00cc512218d5fbd7e424,glove-200-angular,4839085e5a8bb293434a1a66e1aa0193afc3f07c6797a85f1dbd91656172da20,orion,1,2,4,"{""microbenchmark_execution"":""one logical shard at a time"",""physical_host_count"":4,""rule"":""logical_shard_id modulo 4""}",1183514,200,cosine,32,200,320,36984,0.03124931348509608,10,591757.0,349982.0,241775,941739,0.19171906286805449,0.1519223456083425,0.8206423444112576,0.9997338434526334,2.0,1881.2954444444445,0.9251766717007963,10559.828723883962,1.3083333333333333,2.0,1.702888888888889,3.0,0.39455555555555555,16066.35611111111,28448.299999999996
c23-20260821-v1-glove-200-angular-orion-m4,2026-08-22T09:46:07.674886Z,fe61fdac6760bc4d2bcd00cc512218d5fbd7e424,glove-200-angular,4839085e5a8bb293434a1a66e1aa0193afc3f07c6797a85f1dbd91656172da20,orion,1,4,4,"{""microbenchmark_execution"":""one logical shard at a time"",""physical_host_count"":4,""rule"":""logical_shard_id modulo 4""}",1183514,200,cosine,32,200,320,36984,0.03124931348509608,10,295878.5,100058.61349354188,180825,453932,0.4261470495005202,0.38426497834183826,0.5934194431078287,0.9988635537898157,4.0,4841.834222222222,0.9119712030398994,10608.452978376174,1.7824444444444445,3.0,2.2808888888888887,5.0,0.49844444444444447,22725.99,53318.14999999998
c23-20260821-v1-glove-200-angular-orion-m8,2026-08-22T09:46:07.674886Z,fe61fdac6760bc4d2bcd00cc512218d5fbd7e424,glove-200-angular,4839085e5a8bb293434a1a66e1aa0193afc3f07c6797a85f1dbd91656172da20,orion,1,8,4,"{""microbenchmark_execution"":""one logical shard at a time"",""physical_host_count"":4,""rule"":""logical_shard_id modulo 4""}",1183514,200,cosine,32,200,320,36984,0.03124931348509608,10,147939.25,88606.16684202911,50145,315143,0.4780778131328024,0.4229195582624821,0.5404885176238949,0.9943777597899137,7.999333333333333,5421.949444444444,0.9238081428922935,10117.411488227053,1.9457777777777778,4.0,2.884777777777778,9.0,0.939,27994.75811111111,91625.45
c23-20260821-v1-glove-200-angular-orion-m16,2026-08-22T09:46:07.674886Z,fe61fdac6760bc4d2bcd00cc512218d5fbd7e424,glove-200-angular,4839085e5a8bb293434a1a66e1aa0193afc3f07c6797a85f1dbd91656172da20,orion,1,16,4,"{""microbenchmark_execution"":""one logical shard at a time"",""physical_host_count"":4,""rule"":""logical_shard_id modulo 4""}",1183514,200,cosine,32,200,320,36984,0.03124931348509608,10,73969.625,44040.050327620826,14531,193106,0.4958598214345373,0.44711967256127444,0.5220370299179327,0.9876554058507123,15.991333333333333,5830.9638888888885,0.9316860495147186,9532.143060527173,2.1724444444444444,5.0,3.480777777777778,17.0,1.3083333333333333,32466.361555555555,163128.24999999997
c23-20260821-v1-glove-200-angular-orion-m32,2026-08-22T09:46:07.674886Z,fe61fdac6760bc4d2bcd00cc512218d5fbd7e424,glove-200-angular,4839085e5a8bb293434a1a66e1aa0193afc3f07c6797a85f1dbd91656172da20,orion,1,32,4,"{""microbenchmark_execution"":""one logical shard at a time"",""physical_host_count"":4,""rule"":""logical_shard_id modulo 4""}",1183514,200,cosine,32,200,320,36984,0.03124931348509608,10,36984.8125,37285.982979899345,4908,217725,0.5655431230464523,0.5088338702632649,0.45769412438919255,0.9782697965550048,31.838,6555.824888888889,0.9531820608230105,8586.91244459098,2.4255555555555555,5.0,4.931555555555556,33.0,2.506,40303.01977777778,266902.35
c23-20260821-v1-glove-200-angular-orion_no_refinement-m2,2026-08-22T09:46:07.674886Z,fe61fdac6760bc4d2bcd00cc512218d5fbd7e424,glove-200-angular,4839085e5a8bb293434a1a66e1aa0193afc3f07c6797a85f1dbd91656172da20,orion_no_refinement,1,2,4,"{""microbenchmark_execution"":""one logical shard at a time"",""physical_host_count"":4,""rule"":""logical_shard_id modulo 4""}",1183514,200,cosine,32,200,320,36984,0.03124931348509608,10,591757.0,240550.0,351207,832307,0.264550809882269,0.20304438395145624,0.7471179688970779,0.9996687829632771,2.0,2568.135,0.9268257124572263,10957.969624245748,1.4277777777777778,2.0,1.7864444444444445,3.0,0.3586666666666667,17631.794555555556,30053.249999999996
c23-20260821-v1-glove-200-angular-orion_no_refinement-m4,2026-08-22T09:46:07.674886Z,fe61fdac6760bc4d2bcd00cc512218d5fbd7e424,glove-200-angular,4839085e5a8bb293434a1a66e1aa0193afc3f07c6797a85f1dbd91656172da20,orion_no_refinement,1,4,4,"{""microbenchmark_execution"":""one logical shard at a time"",""physical_host_count"":4,""rule"":""logical_shard_id modulo 4""}",1183514,200,cosine,32,200,320,36984,0.03124931348509608,10,295878.5,105746.88318220069,165924,443818,0.4324053584805055,0.3996368786778043,0.5792389143835829,0.998152958055418,4.0,4935.097555555555,0.9172427590894582,10770.370931185804,1.866,3.0,2.3721111111111113,5.0,0.5061111111111111,24004.921,52215.1
c23-20260821-v1-glove-200-angular-orion_no_refinement-m8,2026-08-22T09:46:07.674886Z,fe61fdac6760bc4d2bcd00cc512218d5fbd7e424,glove-200-angular,4839085e5a8bb293434a1a66e1aa0193afc3f07c6797a85f1dbd91656172da20,orion_no_refinement,1,8,4,"{""microbenchmark_execution"":""one logical shard at a time"",""physical_host_count"":4,""rule"":""logical_shard_id modulo 4""}",1183514,200,cosine,32,200,320,36984,0.03124931348509608,10,147939.25,57535.953952181066,74873,221910,0.5555819190403617,0.5257143874539063,0.4556874609889041,0.9935581666123088,7.998888888888889,6446.965888888889,0.9379736183384251,10612.354939290562,2.4067777777777777,4.0,3.099,9.0,0.6922222222222222,31850.291555555556,96532.45
c23-20260821-v1-glove-200-angular-orion_no_refinement-m16,2026-08-22T09:46:07.674886Z,fe61fdac6760bc4d2bcd00cc512218d5fbd7e424,glove-200-angular,4839085e5a8bb293434a1a66e1aa0193afc3f07c6797a85f1dbd91656172da20,orion_no_refinement,1,16,4,"{""microbenchmark_execution"":""one logical shard at a time"",""physical_host_count"":4,""rule"":""logical_shard_id modulo 4""}",1183514,200,cosine,32,200,320,36984,0.03124931348509608,10,73969.625,27527.789458733787,14770,110955,0.5330209570632103,0.4901671166877361,0.4787798324369151,0.9849997549669881,15.991888888888889,6270.246777777777,0.9455330050648776,9917.62060847519,2.441,5.0,3.4703333333333335,17.0,1.0293333333333334,33943.11388888889,171876.19999999995
c23-20260821-v1-glove-200-angular-orion_no_refinement-m32,2026-08-22T09:46:07.674886Z,fe61fdac6760bc4d2bcd00cc512218d5fbd7e424,glove-200-angular,4839085e5a8bb293434a1a66e1aa0193afc3f07c6797a85f1dbd91656172da20,orion_no_refinement,1,32,4,"{""microbenchmark_execution"":""one logical shard at a time"",""physical_host_count"":4,""rule"":""logical_shard_id modulo 4""}",1183514,200,cosine,32,200,320,36984,0.03124931348509608,10,36984.8125,15056.854305924719,9853,55477,0.5996980506851527,0.5581690746893053,0.4134367855477533,0.9705588611541561,31.892666666666667,7081.997222222222,0.9612951178815773,8916.957617004806,2.7747777777777776,6.0,4.130777777777777,8.0,1.356,36378.34855555555,84606.65
c23-20260821-v1-sift1m-random-m2,2026-08-22T09:46:07.674886Z,fe61fdac6760bc4d2bcd00cc512218d5fbd7e424,sift1m,dd6f0a6ed6b7ebb8934680f861a33ed01ff33991eaee4fd60914d854a0ca5984,random,20260820,2,4,"{""microbenchmark_execution"":""one logical shard at a time"",""physical_host_count"":4,""rule"":""logical_shard_id modulo 4""}",1000000,128,euclid,32,200,24,,,,500000.0,516.0,499484,500516,0.5000790496170918,0.49889077510330393,0.4998896042669522,0.999732,2.0,430.37966666666665,0.9424587507248909,831.8760496024023,1.9775555555555555,2.0,2.115222222222222,3.0,0.13766666666666666,1649.8663333333334,2206.0
c23-20260821-v1-sift1m-random-m4,2026-08-22T09:46:07.674886Z,fe61fdac6760bc4d2bcd00cc512218d5fbd7e424,sift1m,dd6f0a6ed6b7ebb8934680f861a33ed01ff33991eaee4fd60914d854a0ca5984,random,20260820,4,4,"{""microbenchmark_execution"":""one logical shard at a time"",""physical_host_count"":4,""rule"":""logical_shard_id modulo 4""}",1000000,128,euclid,32,200,24,,,,250000.0,329.12611564565947,249550,250474,0.7500132539293753,0.7513282953518077,0.24996115656638312,0.992371,4.0,649.4178888888889,0.9653161087657713,780.1613977195722,3.148222222222222,4.0,3.3486666666666665,5.0,0.20044444444444445,2569.085666666667,3921.0499999999993
c23-20260821-v1-sift1m-random-m8,2026-08-22T09:46:07.674886Z,fe61fdac6760bc4d2bcd00cc512218d5fbd7e424,sift1m,dd6f0a6ed6b7ebb8934680f861a33ed01ff33991eaee4fd60914d854a0ca5984,random,20260820,8,4,"{""microbenchmark_execution"":""one logical shard at a time"",""physical_host_count"":4,""rule"":""logical_shard_id modulo 4""}",1000000,128,euclid,32,200,24,,,,125000.0,341.7239382893742,124536,125527,0.8751017404118908,0.8754531018985933,0.12487849348537974,0.933813,8.0,756.9401111111112,0.9809750151194437,725.8546832476565,4.902666666666667,6.0,5.081222222222222,7.0,0.17855555555555555,3641.3244444444445,5706.049999999999
c23-20260821-v1-sift1m-random-m16,2026-08-22T09:46:07.674886Z,fe61fdac6760bc4d2bcd00cc512218d5fbd7e424,sift1m,dd6f0a6ed6b7ebb8934680f861a33ed01ff33991eaee4fd60914d854a0ca5984,random,20260820,16,4,"{""microbenchmark_execution"":""one logical shard at a time"",""physical_host_count"":4,""rule"":""logical_shard_id modulo 4""}",1000000,128,euclid,32,200,24,,,,62500.0,215.0499941873982,62060,62901,0.937513596703411,0.9383030282080095,0.062495844865121095,0.714625,16.0,810.8503333333333,0.989828375788257,661.1888012641374,6.595111111111111,8.0,6.723777777777777,8.0,0.12866666666666668,4390.925333333334,6365.0999999999985
c23-20260821-v1-sift1m-random-m32,2026-08-22T09:46:07.674886Z,fe61fdac6760bc4d2bcd00cc512218d5fbd7e424,sift1m,dd6f0a6ed6b7ebb8934680f861a33ed01ff33991eaee4fd60914d854a0ca5984,random,20260820,32,4,"{""microbenchmark_execution"":""one logical shard at a time"",""physical_host_count"":4,""rule"":""logical_shard_id modulo 4""}",1000000,128,euclid,32,200,24,,,,31250.0,157.77555260559222,30937,31639,0.9687955783672851,0.9693380634964489,0.031202056761065862,0.132782,32.0,838.2462222222222,0.9952765928461349,594.5730670004342,7.699888888888889,9.0,7.787333333333334,9.0,0.08744444444444445,4569.447888888889,6321.0
c23-20260821-v1-sift1m-kmeans-m2,2026-08-22T09:46:07.674886Z,fe61fdac6760bc4d2bcd00cc512218d5fbd7e424,sift1m,dd6f0a6ed6b7ebb8934680f861a33ed01ff33991eaee4fd60914d854a0ca5984,kmeans,20260820,2,4,"{""microbenchmark_execution"":""one logical shard at a time"",""physical_host_count"":4,""rule"":""logical_shard_id modulo 4""}",1000000,128,euclid,32,200,24,,,,500000.0,14178.0,485822,514178,0.0007497356831325722,0.00491162263143675,0.9989728747796748,0.999971,2.0,6.302555555555555,0.9148139941403846,861.0448703744737,1.001111111111111,1.0,1.4334444444444445,3.0,0.43233333333333335,1018.1513333333334,1842.0
c23-20260821-v1-sift1m-kmeans-m4,2026-08-22T09:46:07.674886Z,fe61fdac6760bc4d2bcd00cc512218d5fbd7e424,sift1m,dd6f0a6ed6b7ebb8934680f861a33ed01ff33991eaee4fd60914d854a0ca5984,kmeans,20260820,4,4,"{""microbenchmark_execution"":""one logical shard at a time"",""physical_host_count"":4,""rule"":""logical_shard_id modulo 4""}",1000000,128,euclid,32,200,24,,,,250000.0,153947.29147828487,138144,513838,0.08305535064345033,0.0909639788782683,0.9228262393675201,0.999925,3.667777777777778,105.79333333333334,0.9284400788603041,831.0658731600945,1.1525555555555556,2.0,1.9108888888888889,5.0,0.7583333333333333,1325.9172222222223,3233.0499999999993
c23-20260821-v1-sift1m-kmeans-m8,2026-08-22T09:46:07.674886Z,fe61fdac6760bc4d2bcd00cc512218d5fbd7e424,sift1m,dd6f0a6ed6b7ebb8934680f861a33ed01ff33991eaee4fd60914d854a0ca5984,kmeans,20260820,8,4,"{""microbenchmark_execution"":""one logical shard at a time"",""physical_host_count"":4,""rule"":""logical_shard_id modulo 4""}",1000000,128,euclid,32,200,24,,,,125000.0,44115.6951577327,75637,223116,0.19452922482963708,0.2040590444746487,0.8151653841020088,0.999911,6.767666666666667,234.19611111111112,0.9383331020140574,795.1604464349186,1.3785555555555555,2.0,2.6496666666666666,9.0,1.271111111111111,1824.0523333333333,5884.049999999999
c23-20260821-v1-sift1m-kmeans-m16,2026-08-22T09:46:07.674886Z,fe61fdac6760bc4d2bcd00cc512218d5fbd7e424,sift1m,dd6f0a6ed6b7ebb8934680f861a33ed01ff33991eaee4fd60914d854a0ca5984,kmeans,20260820,16,4,"{""microbenchmark_execution"":""one logical shard at a time"",""physical_host_count"":4,""rule"":""logical_shard_id modulo 4""}",1000000,128,euclid,32,200,24,,,,62500.0,14193.748778071282,40145,92138,0.29327908983591194,0.29967187839708653,0.7193464495322179,0.999912,10.321222222222222,336.76377777777776,0.9486727754201262,756.587990039956,1.6102222222222222,3.0,3.5834444444444444,17.0,1.9732222222222222,2471.5824444444443,11257.05
c23-20260821-v1-sift1m-kmeans-m32,2026-08-22T09:46:07.674886Z,fe61fdac6760bc4d2bcd00cc512218d5fbd7e424,sift1m,dd6f0a6ed6b7ebb8934680f861a33ed01ff33991eaee4fd60914d854a0ca5984,kmeans,20260820,32,4,"{""microbenchmark_execution"":""one logical shard at a time"",""physical_host_count"":4,""rule"":""logical_shard_id modulo 4""}",1000000,128,euclid,32,200,24,,,,31250.0,7252.033352791477,11607,51413,0.37735385892470175,0.3833976628759432,0.6383395162291472,0.999738,16.774555555555555,422.95044444444443,0.959550736278447,717.8156144578313,1.8714444444444445,4.0,4.781555555555555,33.0,2.910111111111111,3098.692111111111,20135.1
c23-20260821-v1-sift1m-orion-m2,2026-08-22T09:46:07.674886Z,fe61fdac6760bc4d2bcd00cc512218d5fbd7e424,sift1m,dd6f0a6ed6b7ebb8934680f861a33ed01ff33991eaee4fd60914d854a0ca5984,orion,1,2,4,"{""microbenchmark_execution"":""one logical shard at a time"",""physical_host_count"":4,""rule"":""logical_shard_id modulo 4""}",1000000,128,euclid,32,200,24,31250,0.03125,10,500000.0,14292.0,485708,514292,0.00045435756359262397,0.004691999870565521,0.9993971143840684,0.999989,2.0,6.081777777777778,0.9135637969748563,857.7912502775927,1.0004444444444445,1.0,1.4377777777777778,3.0,0.43733333333333335,1008.6188888888889,1799.0
c23-20260821-v1-sift1m-orion-m4,2026-08-22T09:46:07.674886Z,fe61fdac6760bc4d2bcd00cc512218d5fbd7e424,sift1m,dd6f0a6ed6b7ebb8934680f861a33ed01ff33991eaee4fd60914d854a0ca5984,orion,1,4,4,"{""microbenchmark_execution"":""one logical shard at a time"",""physical_host_count"":4,""rule"":""logical_shard_id modulo 4""}",1000000,128,euclid,32,200,24,31250,0.03125,10,250000.0,91344.61082899198,159042,381623,0.18023583530731682,0.17772809480633756,0.8209707465565264,0.999659,3.9832222222222224,185.0328888888889,0.9340995678532051,783.475042900843,1.318111111111111,2.0,2.006666666666667,5.0,0.6885555555555556,1387.516,3231.0499999999993
c23-20260821-v1-sift1m-orion-m8,2026-08-22T09:46:07.674886Z,fe61fdac6760bc4d2bcd00cc512218d5fbd7e424,sift1m,dd6f0a6ed6b7ebb8934680f861a33ed01ff33991eaee4fd60914d854a0ca5984,orion,1,8,4,"{""microbenchmark_execution"":""one logical shard at a time"",""physical_host_count"":4,""rule"":""logical_shard_id modulo 4""}",1000000,128,euclid,32,200,24,31250,0.03125,10,125000.0,71866.68509817327,41698,219247,0.2535659840864827,0.24284026550702384,0.7562299629465261,0.999323,6.647666666666667,251.431,0.9393212198527585,772.5146394183533,1.4413333333333334,3.0,2.718888888888889,9.0,1.2775555555555556,1821.4052222222222,5668.049999999999
c23-20260821-v1-sift1m-orion-m16,2026-08-22T09:46:07.674886Z,fe61fdac6760bc4d2bcd00cc512218d5fbd7e424,sift1m,dd6f0a6ed6b7ebb8934680f861a33ed01ff33991eaee4fd60914d854a0ca5984,orion,1,16,4,"{""microbenchmark_execution"":""one logical shard at a time"",""physical_host_count"":4,""rule"":""logical_shard_id modulo 4""}",1000000,128,euclid,32,200,24,31250,0.03125,10,62500.0,49431.15951249778,14708,195026,0.3414127571524669,0.3236489658951843,0.6753568375053504,0.998795,9.961222222222222,335.4018888888889,0.9498975392626186,742.1197994987468,1.6437777777777778,3.0,3.8824444444444444,17.0,2.2386666666666666,2470.1614444444444,10062.199999999997
c23-20260821-v1-sift1m-orion-m32,2026-08-22T09:46:07.674886Z,fe61fdac6760bc4d2bcd00cc512218d5fbd7e424,sift1m,dd6f0a6ed6b7ebb8934680f861a33ed01ff33991eaee4fd60914d854a0ca5984,orion,1,32,4,"{""microbenchmark_execution"":""one logical shard at a time"",""physical_host_count"":4,""rule"":""logical_shard_id modulo 4""}",1000000,128,euclid,32,200,24,31250,0.03125,10,31250.0,32067.49485460316,5213,154055,0.4393709072356975,0.41983073972714535,0.579830382297904,0.997194,15.295111111111112,424.42844444444444,0.9567661907984489,691.3232573877735,1.9717777777777779,4.0,5.628777777777778,33.0,3.657,3294.353111111111,17906.299999999996
c23-20260821-v1-sift1m-orion_no_refinement-m2,2026-08-22T09:46:07.674886Z,fe61fdac6760bc4d2bcd00cc512218d5fbd7e424,sift1m,dd6f0a6ed6b7ebb8934680f861a33ed01ff33991eaee4fd60914d854a0ca5984,orion_no_refinement,1,2,4,"{""microbenchmark_execution"":""one logical shard at a time"",""physical_host_count"":4,""rule"":""logical_shard_id modulo 4""}",1000000,128,euclid,32,200,24,31250,0.03125,10,500000.0,14327.0,485673,514327,0.000646277169285686,0.004830531150499681,0.9991666365738501,0.999967,2.0,6.219333333333333,0.9143548307570939,858.1122698025295,1.0006666666666666,1.0,1.4337777777777778,3.0,0.4331111111111111,995.434,1744.0499999999993
c23-20260821-v1-sift1m-orion_no_refinement-m4,2026-08-22T09:46:07.674886Z,fe61fdac6760bc4d2bcd00cc512218d5fbd7e424,sift1m,dd6f0a6ed6b7ebb8934680f861a33ed01ff33991eaee4fd60914d854a0ca5984,orion_no_refinement,1,4,4,"{""microbenchmark_execution"":""one logical shard at a time"",""physical_host_count"":4,""rule"":""logical_shard_id modulo 4""}",1000000,128,euclid,32,200,24,31250,0.03125,10,250000.0,79662.7442629238,176374,375001,0.20436198156908242,0.19505074260433347,0.7940684920177561,0.999226,3.982,200.07744444444444,0.9390923627100922,771.7397337070778,1.3845555555555555,2.0,2.0643333333333334,5.0,0.6797777777777778,1431.2287777777779,3223.0
c23-20260821-v1-sift1m-orion_no_refinement-m8,2026-08-22T09:46:07.674886Z,fe61fdac6760bc4d2bcd00cc512218d5fbd7e424,sift1m,dd6f0a6ed6b7ebb8934680f861a33ed01ff33991eaee4fd60914d854a0ca5984,orion_no_refinement,1,8,4,"{""microbenchmark_execution"":""one logical shard at a time"",""physical_host_count"":4,""rule"":""logical_shard_id modulo 4""}",1000000,128,euclid,32,200,24,31250,0.03125,10,125000.0,44317.36463565946,70152,187501,0.3205125800610121,0.30177077023781507,0.6905302103044006,0.998865,6.743888888888889,306.99744444444445,0.9461196856257688,769.7000407474242,1.5915555555555556,3.0,2.7351111111111113,9.0,1.1435555555555557,1878.1434444444444,5753.0
c23-20260821-v1-sift1m-orion_no_refinement-m16,2026-08-22T09:46:07.674886Z,fe61fdac6760bc4d2bcd00cc512218d5fbd7e424,sift1m,dd6f0a6ed6b7ebb8934680f861a33ed01ff33991eaee4fd60914d854a0ca5984,orion_no_refinement,1,16,4,"{""microbenchmark_execution"":""one logical shard at a time"",""physical_host_count"":4,""rule"":""logical_shard_id modulo 4""}",1000000,128,euclid,32,200,24,31250,0.03125,10,62500.0,19274.65069722406,35843,93751,0.395751768629388,0.3842821318170613,0.6226412851464119,0.998446,10.196111111111112,392.30566666666664,0.9524343989426953,746.7611241217799,1.8203333333333334,3.0,3.654888888888889,17.0,1.8345555555555555,2422.5033333333336,10316.299999999996
c23-20260821-v1-sift1m-orion_no_refinement-m32,2026-08-22T09:46:07.674886Z,fe61fdac6760bc4d2bcd00cc512218d5fbd7e424,sift1m,dd6f0a6ed6b7ebb8934680f861a33ed01ff33991eaee4fd60914d854a0ca5984,orion_no_refinement,1,32,4,"{""microbenchmark_execution"":""one logical shard at a time"",""physical_host_count"":4,""rule"":""logical_shard_id modulo 4""}",1000000,128,euclid,32,200,24,31250,0.03125,10,31250.0,11411.421408505603,12095,46876,0.5002427347985217,0.4925244440782621,0.5203323847245963,0.99623,16.549444444444443,494.0311111111111,0.9618831228963387,696.690399650752,2.2382222222222223,4.0,4.899111111111111,33.0,2.660888888888889,3044.846,18442.149999999998
