query_index,upper_labels,routed_shards,visited_shards,assigned_ef_sum
0,1127655 490937 491668 26292 781840 573503 641444 1082869 509256 826758 458529 1046416 722208 397376 1130984 875991 290114 795094 449937 275743 41852 464302 826204 985380 476846 236207 385181 538107 1033612 315513 136453 220189 926381 915165 794513 499632 776897 818095 704996 853434 427416 675374 877971 171657 563978 1081530 14902 711392 814284 611129 395058 212819 644336 911467 798670 879650 265171 128830 572440 130326 507458 352573 1063107 167433 990621 68778 1177125 1015769 358136 274456 735085 92239 93677 263331 705283 940091 88293 112433 14799 111286 1081040 327202 957725 410858 805589 1121760 1178291 581293 802952 760542 764650 160882 438605 845713 1089166 1083991 487835 577811 755870 167863 1103612 695730 461358 387405,centroid_05 centroid_06 centroid_11 centroid_12 centroid_13 centroid_14 centroid_15 centroid_16 centroid_19 centroid_23 centroid_32 centroid_33 centroid_37 centroid_41 centroid_42 centroid_43 centroid_45,17,2843
1,177759 545504 1149284 384991 966536 874365 318732 763154 279065 415790 826758 809921 735357 1106598 562797 473714 455380 432267 1150157 500566 698589 130326 431667 980021 982034 542374 829511 807399 283298 1028175 320537 515437 113096 570407 885101 903437 156062 656205 1082354 629205 722394 718415 665995 850449 511623 193599 1133401 857602 577768 24866 423938 231490 560122 974501 314535 1056924 233420 162957 1064192 131017 555322 1087584 893958 760161 954834 1116112 33900 138910 442307 240148 193041 945136 664628 447630 420430 334142 672349 584542 759874 248933 657576 883344 761296 33306 735033 148242 608393 40411 668344 1022839 836081 4931 790816 320254 762398 1084199 609552 34467 1113054 178430 303845 536316 535945 20502,centroid_00 centroid_03 centroid_06 centroid_07 centroid_09 centroid_14 centroid_15 centroid_16 centroid_19 centroid_23 centroid_25 centroid_28 centroid_30 centroid_31 centroid_33 centroid_34 centroid_35 centroid_36 centroid_37 centroid_39 centroid_40 centroid_41 centroid_42 centroid_45,24,3336
2,549639 587106 252296 26698 322628 407770 1177898 888898 46002 875820 747254 1002263 1102162 923617 615418 536480 690330 696906 325943 1076207 997107 707853 499349 1097966 238993 466277 425031 709407 593869 120114 52411 1150683 876786 203639 14316 225264 909060 164988 756225 644977 787290 659283 722795 373287 1015223 546337 567358 111298 1063453 74999 588495 274838 792949 126658 434980 11646 973683 805621 329097 219349 453562 107854 435383 956070 587540 986302 280722 482863 884004 620046 1039610 473122 1012935 1117720 641169 538530 1096956 241539 395125 727996 85662 713946 84317 613673 356232 500443 906716 475128 294087 678159 1083606 418547 466334 919269 276696 827465 329654 322102 833986 170526 175178 790772 492814 415860,centroid_03 centroid_07 centroid_09 centroid_12 centroid_15 centroid_16 centroid_19 centroid_24 centroid_25 centroid_30 centroid_32 centroid_33 centroid_36 centroid_39 centroid_41 centroid_45,16,2659
3,560122 801701 83452 1167701 1009427 480783 517690 269175 641755 1093353 914222 345805 383813 1028175 1141181 396990 124874 969434 138250 727880 152656 561023 856775 842343 135955 65639 1030555 447540 542374 943595 91394 14648 963211 1045495 435450 361009 797974 185215 574700 1098388 1062587 956068 603640 370170 1149284 929256 44865 928742 914354 434119 671564 911467 613852 1161354 718415 238342 415653 4931 1064984 898085 295005 386204 318732 36321 1038291 490841 290110 230923 1151176 701998 509992 256099 805126 350500 295618 1081277 319561 904997 960994 116248 980851 13874 181685 1037667 728201 999656 10851 272977 217282 594991 1095115 141185 1174294 1095213 180198 101701 532483 870776 753497 152584 119184 619513 268147 131331,centroid_00 centroid_08 centroid_09 centroid_11 centroid_13 centroid_15 centroid_18 centroid_19 centroid_20 centroid_23 centroid_24 centroid_25 centroid_26 centroid_27 centroid_29 centroid_31 centroid_32 centroid_33 centroid_34 centroid_35 centroid_36 centroid_37 centroid_38 centroid_39 centroid_40 centroid_41 centroid_42 centroid_43,28,3592
4,278024 423751 167798 97150 877435 473956 48155 712530 1080697 586150 1095115 179142 22847 440514 625635 479483 632896 479441 899854 520866 300425 633198 828935 532406 409940 1118573 1051827 1123419 1019420 278522 1113801 778611 925701 988561 839421 693722 1123097 674684 146498 422863 262691 427784 111125 583550 720682 700244 1009080 153780 615802 38959 798500 1061676 1007918 465340 932 746128 288444 186516 855122 808954 622513 1133843 365429 172265 1061539 791991 826758 469812 1022692 401552 825266 944248 1080476 957725 438135 739696 26909 909809 78855 850251 811240 950837 585691 15231 1055656 603203 590230 812032 117119 882302 467032 1149197 136365 799970 529529 959832 197837 725667 101917 650762 432681 888898 59199 1028175,centroid_00 centroid_01 centroid_02 centroid_03 centroid_04 centroid_05 centroid_06 centroid_07 centroid_09 centroid_11 centroid_12 centroid_13 centroid_14 centroid_16 centroid_17 centroid_18 centroid_19 centroid_24 centroid_27 centroid_28 centroid_30 centroid_32 centroid_35 centroid_36 centroid_37 centroid_39 centroid_40 centroid_43 centroid_45,29,3551
5,1106907 38015 665869 790496 716121 921609 714037 788414 1159433 57714 308250 331262 24196 161031 141138 152151 103947 359993 105849 403399 712138 461122 1000374 1055882 354409 40576 182141 191213 604372 216383 827857 616133 739983 19289 1141544 218639 832484 955310 942140 1183165 99480 912095 505872 142324 79051 689764 44865 1082516 248933 13087 63229 887470 37867 1067839 535988 346168 1067595 435139 340023 727595 185126 1145899 172805 549329 205224 544042 921308 695979 67367 762567 154593 1163922 791200 763154 1009961 883344 1011649 228205 861162 513476 341223 403538 711849 826156 13207 1142070 420504 746128 625920 1009060 74746 1035442 728160 835207 904125 1051594 545386 1134958 856322 279481 10465 863404 677719 457690,centroid_00 centroid_03 centroid_06 centroid_07 centroid_08 centroid_09 centroid_11 centroid_12 centroid_14 centroid_15 centroid_18 centroid_19 centroid_20 centroid_23 centroid_25 centroid_26 centroid_27 centroid_29 centroid_31 centroid_33 centroid_34 centroid_35 centroid_36 centroid_37 centroid_38 centroid_39 centroid_40 centroid_41 centroid_42 centroid_43 centroid_44 centroid_45,32,3998
6,128584 15326 1064167 499078 902146 461547 8716 437786 574675 80289 1036653 1150806 208862 148527 1105090 862632 512745 1069363 550316 109384 262763 1100231 662229 756229 1111910 670142 911560 1009173 463897 706910 1028339 392249 1101877 490197 447098 714569 571094 952580 21488 857871 983391 194083 1134468 400040 2595 830505 1116825 153344 30809 12184 960031 960258 1011190 420375 912100 1160946 793044 727394 1145561 680089 173668 1106438 574162 1100283 68168 605718 1176996 174741 634399 342312 1085173 1055371 327831 1109106 166039 35569 988443 492953 66848 44489 872939 17879 548538 461642 1087091 147854 229738 128246 957348 1152640 834496 386703 820363 1120258 211016 176356 187877 472501 131445 332308 714254 386679 1065376 921609,centroid_01 centroid_03 centroid_07 centroid_08 centroid_12 centroid_14 centroid_15 centroid_16 centroid_19 centroid_22 centroid_24 centroid_25 centroid_27 centroid_29 centroid_31 centroid_33 centroid_35 centroid_37 centroid_42 centroid_44,20,2915
7,796952 553880 698875 509752 723445 473501 903437 598698 457268 1028175 1057705 936019 138910 254805 939173 522123 862547 1009961 127314 719162 1095252 215909 719754 1168639 635153 744307 387086 718415 920413 387245 115271 653158 743651 943494 1070127 214488 71865 698883 176824 752911 688006 964085 567463 693722 355687 452884 496907 727526 541730 491392 790478 462290 36918 267103 752539 1034044 1025452 763154 85662 656205 507445 853610 795747 15231 845989 673618 659061 185256 732701 229020 573078 1127446 13942 497556 234195 1140926 712736 870822 259954 494102 777775 440850 995803 471322 102024 914270 883344 347110 699745 1174188 788309 1010189 169421 574268 1169686 1113482 704279 1095776 1157720 494977 583850 359404 128830 266037,centroid_00 centroid_03 centroid_04 centroid_06 centroid_07 centroid_08 centroid_09 centroid_14 centroid_15 centroid_16 centroid_17 centroid_19 centroid_23 centroid_24 centroid_25 centroid_27 centroid_28 centroid_30 centroid_31 centroid_32 centroid_33 centroid_35 centroid_36 centroid_38 centroid_39 centroid_41 centroid_42 centroid_43 centroid_45,29,3521
8,702181 222085 182242 318297 892236 967552 22372 1121955 905238 58321 461747 1023924 1103089 925255 1106251 277639 1117967 1115057 219455 7472 269289 343685 602185 306077 645619 883776 79375 546579 238109 780901 927137 446401 157613 964913 1176136 543414 308638 208464 1142901 250414 56233 307749 170884 502070 225811 239540 943387 877669 859703 65904 251450 977234 11184 23286 1042938 1137644 1050426 108913 142194 187500 436550 500908 577487 205822 81602 491071 638025 1152781 639238 252913 1139391 367110 1054364 699885 1113598 581337 1126891 763292 342653 734035 901234 674609 382706 522629 913165 457618 320607 999255 1101243 1079100 357883 7333 184675 504138 938491 398706 643280 233360 971236 238501 1017263 1105233 321783 901024,centroid_02 centroid_03 centroid_04 centroid_05 centroid_07 centroid_08 centroid_09 centroid_10 centroid_12 centroid_13 centroid_14 centroid_15 centroid_16 centroid_19 centroid_20 centroid_23 centroid_24 centroid_28 centroid_29 centroid_30 centroid_31 centroid_32 centroid_34 centroid_35 centroid_36 centroid_37 centroid_38 centroid_39 centroid_40 centroid_41 centroid_42 centroid_45,32,3968
9,860636 971236 1047575 382863 303060 1111650 994838 1018138 801044 520110 134940 411312 319356 905238 555152 288977 62335 439447 787385 94282 332026 1154372 367304 1086923 1105348 225591 1119900 657562 1154766 487857 182721 208967 765604 1120716 951294 742829 717227 618002 15849 773800 492247 32344 654292 17438 805144 275291 444518 1024195 310299 598316 108329 184688 1085930 593396 814685 1098514 1075489 1137075 958241 741508 472211 1167950 618820 758823 360584 560935 183334 364878 771963 16453 1058028 332282 121909 231521 758007 942761 351498 112362 138462 583519 1014186 535551 1097238 1127257 887734 360189 239540 151772 333683 611296 360689 338570 1179391 916016 729007 524284 1019188 363459 888503 917469 596522 1016730 434044 26857,centroid_03 centroid_07 centroid_09 centroid_12 centroid_14 centroid_15 centroid_16 centroid_19 centroid_20 centroid_25 centroid_29 centroid_30 centroid_32 centroid_33 centroid_34 centroid_35 centroid_36 centroid_37 centroid_40 centroid_41 centroid_44 centroid_45,22,3208
10,666297 646829 734111 1143822 272308 31680 280270 440559 574268 81704 912701 924609 489030 833745 721996 393693 82651 883103 211207 495986 921292 152043 961675 311442 916887 680236 15057 290092 921141 733256 85225 727165 169425 571384 906474 113049 374569 677452 364751 484494 1172007 1141529 917133 1070155 1045116 250950 858124 668383 94551 295568 1065214 903212 1109045 97507 744119 1054600 777178 687395 365961 1091844 194335 891795 567996 776885 323028 1007918 678732 1079006 225841 1010946 1096850 66151 1110700 920891 883842 207095 19686 334813 1143785 571060 1084704 209486 500222 165222 1135715 770032 879565 926751 387904 869644 318737 794389 219209 509752 1070105 486558 611812 1168707 375275 766348 407652 719695 306606 1165726,centroid_00 centroid_02 centroid_03 centroid_11 centroid_12 centroid_13 centroid_14 centroid_15 centroid_17 centroid_19 centroid_24 centroid_27 centroid_29 centroid_39 centroid_41 centroid_42,16,2599
11,268340 949124 267103 578050 40411 596825 1028175 14428 1135988 315882 269465 5238 1047785 1111007 324765 233420 929407 916019 936019 164770 638453 158746 473501 213200 942217 369525 567728 551830 947465 1023915 167669 253283 14424 965572 820363 932280 657908 164870 33694 395312 15231 543597 319987 1007446 987842 521562 613271 471878 695780 529529 358674 663370 347750 919681 420066 680949 350500 859703 466871 1044466 169412 1009779 1093770 995992 1028574 279592 436587 559565 1163425 7849 511669 782289 206090 977192 99874 291365 878710 724225 619617 229844 993964 231490 808708 1101005 186783 1065026 89566 934518 312339 1094079 509992 995908 371208 436237 1095115 677653 867705 587650 1159580 227769 792225 506246 547252 238354,centroid_03 centroid_07 centroid_08 centroid_09 centroid_11 centroid_14 centroid_16 centroid_19 centroid_20 centroid_23 centroid_25 centroid_29 centroid_30 centroid_31 centroid_34 centroid_35 centroid_36 centroid_37 centroid_39 centroid_40 centroid_41 centroid_42 centroid_45,23,3347
12,29110 281168 735033 870776 163908 683581 455380 536316 480577 318732 1050474 1063420 816168 718415 903437 33213 838535 151330 580791 200142 544054 746491 239674 193041 97275 694190 1056924 1093539 850621 218380 1149284 415790 222982 113096 43685 732357 55067 827958 761296 130326 508911 254216 1125822 4697 470010 355011 1135041 4931 882115 1080805 1111007 258479 625480 870887 1149005 923572 1021207 1116112 970962 71316 682102 20046 189377 44723 1137012 41164 1017982 75195 307671 193628 1106598 1044293 871549 896079 871624 618516 46968 702873 826700 316130 863054 491392 261071 99646 532691 710786 385399 532483 633050 1067595 245758 885101 13942 1082475 1117203 756942 215890 858157 860657 384017 1096828 770542 889662 35946,centroid_02 centroid_09 centroid_19 centroid_23 centroid_24 centroid_36 centroid_44 centroid_45,8,2207
13,1091102 106644 498983 618780 610032 851370 547576 434980 511698 1071761 213425 226133 1076285 575892 70401 619487 859810 328417 6304 1097174 1012403 1075403 175981 11481 773511 466357 257809 861268 950401 364573 424189 582804 1028281 492559 358288 329764 803501 279260 951106 504975 728070 603470 849113 919505 1009080 1095187 92742 980079 1176931 400657 561975 919771 865362 371934 9031 498327 804458 798293 494895 464373 1139708 680285 204384 863440 941232 838772 1700 485669 457992 972111 1021804 1119900 272759 1008611 602207 550653 76804 487379 1030908 60352 875950 121406 1152737 357099 494914 1158374 860261 651026 510807 371074 232323 150837 635373 1180419 352723 806936 1162553 1040849 473630 756746 111831 645619 7467 700658,centroid_02 centroid_04 centroid_05 centroid_07 centroid_09 centroid_10 centroid_12 centroid_14 centroid_15 centroid_16 centroid_19 centroid_20 centroid_24 centroid_25 centroid_26 centroid_30 centroid_31 centroid_32 centroid_33 centroid_35 centroid_37 centroid_38 centroid_41 centroid_42 centroid_45,25,3325
14,1133009 1055712 739788 1004480 646141 190262 286082 921766 1074180 80261 738390 189026 770122 107540 980461 643914 729976 519553 946777 854379 704790 388544 48367 1089430 965716 1107739 11870 976267 1112760 1099089 107922 151877 753534 717320 908067 592842 499717 400500 307135 895340 391664 950440 624508 95970 700441 528167 543373 461547 96309 403789 627838 192794 1109791 25899 658209 56368 766717 167114 149771 257734 551087 556686 138843 55958 524950 1075219 700848 550937 846095 94571 41331 850067 121783 472522 918007 533976 562950 319714 1181572 823960 466094 444137 84108 549106 1118716 805694 992590 767061 669642 1101923 278106 146855 1081834 217444 1003272 903028 67787 548419 1106438 643451 739537 1140530 550231 292139,centroid_01 centroid_06 centroid_08 centroid_11 centroid_13 centroid_14 centroid_15 centroid_16 centroid_18 centroid_20 centroid_21 centroid_22 centroid_24 centroid_27 centroid_29 centroid_32 centroid_37 centroid_38 centroid_39 centroid_41,20,2990
15,1032891 1141018 471467 435588 177180 936828 666811 167507 453061 480159 143987 956005 567220 814414 153293 397246 210131 574204 279533 644186 171232 193029 1179030 171445 764650 1166456 57679 1129965 700995 220815 660188 876044 985481 607232 488432 938023 318682 994948 249722 365197 284532 311357 399053 738582 468400 467585 222247 387459 386481 273805 240369 372679 355734 1109235 246651 974964 744386 860554 98707 402637 395772 890794 174310 651202 882556 855508 301678 1137063 580593 386204 675374 620645 408816 995788 679585 320804 843089 429484 991059 825537 446952 170733 32561 293377 98621 280951 414408 937676 92145 1116675 682077 521648 718547 32344 96419 154407 527499 3243 360959 1159910 152340 1101353 1111007 449821,centroid_00 centroid_03 centroid_05 centroid_06 centroid_07 centroid_11 centroid_14 centroid_15 centroid_18 centroid_19 centroid_20 centroid_23 centroid_24 centroid_25 centroid_27 centroid_29 centroid_30 centroid_31 centroid_32 centroid_33 centroid_34 centroid_35 centroid_36 centroid_37 centroid_38 centroid_39 centroid_41 centroid_42 centroid_43,29,3731
16,457429 1128818 1040328 1007804 658494 582028 297455 820610 894364 1159563 404104 658003 672764 857302 569124 522123 772065 975088 14332 945863 707773 890553 13748 514326 1004844 600375 677508 987950 90455 484412 462790 727516 230805 522727 723947 290528 1097724 208718 758887 824283 111345 717635 423133 197202 558801 25351 940747 906835 401007 281542 72423 338394 953678 171289 7952 491044 549639 126167 960126 651972 198449 945528 39293 63804 1126921 80948 776258 292553 1055169 833986 1068074 546495 302865 600838 408122 849993 482537 155740 734403 1032485 1071075 712081 21277 882056 734067 685078 575884 326036 88726 191321 720207 615418 201944 1172595 1167693 72535 92006 121449 442445 935037 660552 628759 479437 45827,centroid_00 centroid_02 centroid_03 centroid_07 centroid_08 centroid_09 centroid_12 centroid_15 centroid_19 centroid_20 centroid_23 centroid_25 centroid_31 centroid_33 centroid_37 centroid_39 centroid_41 centroid_42 centroid_44 centroid_45,20,3050
17,49899 934518 681549 1016631 757600 7175 863171 127816 93218 601139 939173 741739 387441 1050407 558429 89147 280951 549427 615262 834957 918616 753174 906657 381278 790894 354844 566817 440514 836139 562347 295995 380143 905786 539409 878678 547259 669285 267701 395613 505367 885900 300271 387245 1143468 751210 707633 271426 781215 1152590 733442 45051 476258 339398 473714 1048159 740093 200377 344254 1131391 228225 848788 390007 90071 650394 717838 650914 34191 1068933 1019928 437388 279308 835644 1011366 798869 495607 225849 1020090 997715 803100 809856 1099372 139399 642063 305064 740414 446617 519621 961649 167955 362453 311655 329358 1106598 97275 908194 710930 267060 305184 987511 885626 281168 262276 356333 970996,centroid_00 centroid_02 centroid_03 centroid_05 centroid_07 centroid_09 centroid_11 centroid_14 centroid_15 centroid_18 centroid_19 centroid_20 centroid_23 centroid_25 centroid_28 centroid_30 centroid_31 centroid_35 centroid_36 centroid_39 centroid_40 centroid_41 centroid_42 centroid_43 centroid_44 centroid_45,26,3344
18,751291 653761 397499 233162 1101523 1051769 919643 595287 210666 858402 726512 670467 879133 721996 1095115 305698 1147015 428889 20572 866943 407652 1005089 1041180 92239 701490 712720 493479 537968 63845 539794 1099054 1020312 910750 367304 435072 820613 181047 700244 1014186 444206 774796 294087 602622 408602 890443 401860 980171 677452 758624 1010625 810064 571060 521562 589636 651348 1073941 1014935 903753 1111007 307125 562135 1033322 601050 511669 112927 925701 471322 864607 1163953 794389 368343 15004 753122 644515 126558 936494 838507 388625 710373 685231 401995 692475 287545 1166048 340580 1067155 1157326 787290 1095676 675301 715708 933257 504265 887715 686614 1052296 711142 1013641 199257 493252 949936 283510 856775 389837,centroid_03 centroid_05 centroid_06 centroid_09 centroid_13 centroid_14 centroid_15 centroid_16 centroid_19 centroid_20 centroid_24 centroid_25 centroid_27 centroid_28 centroid_29 centroid_31 centroid_32 centroid_33 centroid_36 centroid_37 centroid_39 centroid_40 centroid_41 centroid_45,24,3336
19,343601 310299 311357 1183500 660540 957720 121321 461005 1058839 955438 915117 607505 1094511 192460 959119 769749 33132 1022692 393611 591333 874623 605964 983825 847882 431044 543057 958241 470073 158406 170137 611296 56863 1148139 601607 375541 917469 227300 1097730 225591 14093 728461 723046 775892 962347 774444 814685 907947 484969 208930 1183103 295277 1023761 1099746 974161 414519 787680 887212 245031 1091249 648278 775898 245484 82867 828915 530557 47329 797309 1062094 747104 732580 562731 957203 851317 55447 182125 49536 16401 1031370 338711 524093 496052 10934 278617 605431 241083 1015684 336735 889204 858534 489521 136983 128198 569505 414777 1032375 171380 262691 391477 250472 362646 947523 787385 153401 926513,centroid_03 centroid_19 centroid_32,3,1752
20,1021729 939378 907763 202 615802 567463 529529 185293 743651 691617 746871 1028574 553880 1116112 527080 516224 693722 714373 943505 473501 199267 577768 246459 588366 197837 126487 293954 1014186 825266 1122697 874241 471322 69494 486558 1158131 966924 636102 645885 279592 472394 870887 29153 542374 826758 1005089 849160 1028175 644731 1161019 1037415 157468 677653 470153 625635 825677 753122 1120632 712736 522629 287602 132224 1107191 332206 634471 1166001 420430 985078 157094 318732 54206 828935 1135791 284287 907057 310848 24866 321048 508226 726512 1134809 231490 1058018 206500 1032193 678283 654911 1139599 936021 344557 460768 1099024 85569 267103 649103 731673 970086 364661 1095115 470757 243924 752539 1106598 1050625 1034875,centroid_02 centroid_03 centroid_09 centroid_13 centroid_19 centroid_29 centroid_36 centroid_37 centroid_39 centroid_41 centroid_44,11,2384
21,474622 59586 895105 834161 551829 1110627 522123 684315 1139980 382699 236098 949168 915918 392697 1028175 101444 326314 288917 106737 1087907 502776 710930 59930 879592 1066562 302075 333980 159572 838535 397635 909441 987168 763311 278786 985263 1131890 211854 315053 793548 895298 842798 825266 419110 740134 1002606 358923 78373 743651 482884 744307 862453 1051594 470261 497406 71322 257072 86055 146023 266037 80024 1020090 906074 914350 1010826 940931 260797 466709 44964 776368 344734 85281 293954 42522 152642 862252 693202 165252 468588 1101671 534129 124057 15751 336451 240443 473501 575818 710669 78746 301246 190245 102833 795720 830300 97304 516829 268403 763154 651407 271157 418074 711270 218546 826758 163939,centroid_02 centroid_05 centroid_07 centroid_08 centroid_09 centroid_14 centroid_19 centroid_20 centroid_24 centroid_25 centroid_28 centroid_30 centroid_34 centroid_35 centroid_36 centroid_38 centroid_39 centroid_41 centroid_45,19,3001
22,884206 469649 502 647607 16183 1099746 723046 164853 1166017 299480 220124 607505 423841 1015684 1183103 624145 726086 323887 936494 757697 11869 232709 343601 1075879 121321 1041180 47329 998586 344550 787385 137761 703232 688404 11914 382277 984172 410698 801044 958734 42373 14093 732580 410125 1149166 422863 3493 692859 1057783 611296 959119 1148263 874046 311357 974161 319987 273937 454712 995908 605964 184688 104863 12652 16401 82867 573278 515517 600195 1018138 1138486 151772 28714 470757 1183500 637417 326241 115261 782299 1159548 1114824 675301 225591 527864 1001165 1013838 1119117 742290 348106 338711 676476 808906 198952 477551 610328 127715 80302 244639 22086 660540 326647 893331 707920 391477 692475 511669,centroid_00 centroid_03 centroid_08 centroid_09 centroid_19 centroid_20 centroid_29 centroid_32 centroid_35 centroid_36 centroid_37 centroid_41,12,2403
23,978219 59637 720332 339322 540250 202649 538121 1062592 212069 1154372 486452 587650 121909 484087 932387 508929 156062 1165188 587149 241588 546495 859467 676079 170649 652206 155614 852599 524173 663862 131436 408060 397798 474954 279308 629205 350146 1097724 279952 805231 1126908 754452 38323 924779 474831 423625 468588 466903 64815 233635 351021 629307 994214 753223 267669 884866 776048 252413 41164 76545 280670 1176040 1129429 980081 416594 151485 245244 298571 1114573 1140690 185041 1148555 1064192 496735 458734 790894 24683 668780 1087584 955282 17129 804510 244353 665713 736010 973194 65556 910336 87689 177759 537812 201944 295019 1135140 1019307 993606 20984 196666 542653 20046 768873 1113719 910750 311655 285171,centroid_33 centroid_45,2,1688
24,860613 838980 164924 238759 895975 915827 233699 214429 547057 951256 719444 934929 1005089 1116112 528238 622605 1111007 70673 254392 1022692 210865 1061348 444991 245758 383813 197038 231490 699527 714881 638671 896015 1156637 1002844 686479 319561 261721 1180033 695382 883344 802952 55640 728201 701998 994587 318732 870776 903329 422863 847231 1080879 273805 93751 282939 984056 759573 481961 769591 498453 18473 55447 1135041 738922 987274 1056924 1006010 1163743 281168 257359 818802 334153 652364 795906 788547 254540 882203 1106598 241151 1056734 887786 5524 353832 817400 172477 130326 348156 1087127 309817 1075451 1093260 834972 196722 823769 1106996 712736 700911 37324 1044101 399129 547252 1122697 237329 712169 435078 708901,centroid_00 centroid_05 centroid_06 centroid_07 centroid_08 centroid_09 centroid_13 centroid_14 centroid_15 centroid_19 centroid_25 centroid_31 centroid_32 centroid_33 centroid_34 centroid_36 centroid_37 centroid_39 centroid_40 centroid_41,20,3005
25,541329 233817 674575 670531 41119 367690 1070207 542940 547858 455320 1150863 784066 1076310 617275 61032 811607 1106108 441688 1117847 682013 1125330 272670 136281 1126080 1068703 973050 950875 96309 855489 134014 305509 1153683 367001 729802 87914 873919 1100318 180827 929301 435966 902262 727329 779096 343180 522367 34456 655969 169126 893209 1004337 785896 1158150 28759 50356 283260 1130245 500799 101917 1179893 1064136 850251 206688 848726 430924 1097358 380597 834931 235585 908856 460983 527924 136991 945845 198673 556575 417504 875658 604563 795375 43825 839725 876604 601472 263158 567392 154194 1040849 1046585 1055084 497510 591417 969405 191404 999380 16562 537823 431700 478529 349331 679824 897097 420635 967910 461265,centroid_00 centroid_01 centroid_02 centroid_03 centroid_04 centroid_05 centroid_07 centroid_12 centroid_13 centroid_14 centroid_15 centroid_16 centroid_19 centroid_20 centroid_22 centroid_23 centroid_25 centroid_27 centroid_28 centroid_29 centroid_30 centroid_31 centroid_32 centroid_33 centroid_36 centroid_37 centroid_38 centroid_39 centroid_41 centroid_45,30,3690
26,874623 1112216 431044 774444 515878 225591 705360 726491 1000471 637773 47329 49536 1099746 1031370 71593 591333 245484 121321 134659 1148139 413239 191690 728461 887404 605964 955438 530557 227300 958241 393727 917469 843730 170137 562731 1038107 10934 470073 845547 393224 850630 136983 811931 601607 1022692 460837 519069 310299 424167 496052 607505 67048 789662 814685 851317 208930 775898 373648 390137 605431 343601 1095647 862157 858534 528144 974161 847882 543057 611296 56863 1183438 311357 489521 185218 375541 969616 907487 732580 462838 719333 295454 127267 1183103 182125 241083 1062094 408020 393611 484969 1143937 915117 648278 907947 898821 292722 947523 573794 889204 304207 660540 1094511 184110 197837 820421 295277,centroid_03 centroid_19 centroid_32,3,1752
27,149762 859046 318605 638496 1143722 454846 159159 314872 274391 9997 1083766 1026787 282628 573730 732209 749171 262524 28759 111949 1023735 1030940 857325 246188 985517 1000611 846851 917588 588538 829131 517267 294540 239272 1110617 965860 897878 800862 650762 122155 1087091 435564 718855 1092344 272691 337567 1109012 741564 613070 451376 1013161 883874 785719 57572 146936 932 11658 743578 491668 943569 152155 172035 834906 301035 695432 462787 618728 880064 587028 303184 315693 1051102 479978 561366 992598 38157 1165543 81848 97069 61683 884525 232372 65778 1178547 492766 133508 634920 430653 82280 235115 619913 1114084 53663 106598 562905 163507 391267 305509 83705 155974 1040849 1006603 643780 392991 40028 488947,centroid_00 centroid_01 centroid_03 centroid_06 centroid_09 centroid_12 centroid_14 centroid_15 centroid_16 centroid_18 centroid_19 centroid_22 centroid_24 centroid_26 centroid_27 centroid_29 centroid_30 centroid_31 centroid_32 centroid_33 centroid_35 centroid_36 centroid_37 centroid_38 centroid_41 centroid_42 centroid_43,27,3468
28,1181935 849895 623726 656432 1176070 435264 571756 24755 614170 993476 1149284 1004166 453755 655717 719754 37240 25851 465490 617796 278479 124408 391154 633137 702873 129589 1178384 885593 478627 98059 798513 197035 362469 625698 95622 135920 693645 353721 261142 641755 116052 502070 119591 194866 1180731 1139356 162865 185161 120695 1156440 258794 758141 139599 233172 185135 870247 616573 588636 1169686 738188 139264 1024856 480801 83452 572533 593096 1095115 1069363 1021729 853712 647406 681154 790727 961881 975307 992837 895984 959880 1171748 284998 854076 471889 712554 294754 757811 420738 140976 753497 1177700 577546 1175911 560122 186516 102267 287602 488290 206785 6800 44865 282440 198237 43068 1102043 402772 319620,centroid_00 centroid_01 centroid_03 centroid_05 centroid_06 centroid_08 centroid_15 centroid_19 centroid_23 centroid_24 centroid_25 centroid_27 centroid_30 centroid_31 centroid_33 centroid_34 centroid_37 centroid_39 centroid_40 centroid_41 centroid_42,21,2994
29,685253 650123 497634 689536 513911 693670 324030 722409 482035 90183 59772 34739 646493 1173855 767026 411932 723649 575352 1108491 213865 618768 395659 827965 210679 995782 1069825 155740 1015671 155035 587975 1091094 1018874 1108477 692031 422996 239553 345381 115936 1062269 68804 17209 728769 754431 77392 244114 871111 144652 1139194 506992 655778 397267 912701 623086 902359 1166352 1117892 190502 972902 652737 1058468 344721 993260 123619 249691 648548 717226 230279 1076560 393119 709836 47478 203219 97507 673378 715074 1056742 286888 1131247 305431 511827 911499 718538 3851 656713 805621 530040 580781 325206 584610 39367 1090110 1101793 1061408 539642 528346 835181 703179 1017211 1087127 577768 130245 772224 945324 607154,centroid_00 centroid_03 centroid_05 centroid_06 centroid_07 centroid_09 centroid_11 centroid_12 centroid_15 centroid_16 centroid_19 centroid_23 centroid_24 centroid_25 centroid_29 centroid_30 centroid_31 centroid_32 centroid_33 centroid_35 centroid_37 centroid_38 centroid_39 centroid_40 centroid_41 centroid_42 centroid_44 centroid_45,28,3547
30,687415 1014308 185769 153345 183133 1697 498722 97069 747612 322847 677844 347766 856361 434674 453164 433711 360959 722409 807554 698227 224144 1068461 387459 1111797 739547 628344 1084751 740136 1023710 1052880 1032403 956019 720487 92801 745 192433 464449 736756 325745 185129 604593 1059361 947898 482850 659720 1081668 20046 19090 311655 1130478 413452 823164 96950 80303 579006 317733 710786 1129429 196164 839421 621008 1074485 180410 954458 295019 279327 367427 737628 4453 1140466 250900 902135 87505 191208 506891 31522 695979 883771 743053 548365 1149284 702873 361286 343685 1054364 107216 307016 158318 232323 748755 813374 507416 706011 143563 531360 873011 1060700 546676 1022199 232827 29797 403780 126626 55624,centroid_00 centroid_03 centroid_04 centroid_05 centroid_07 centroid_09 centroid_10 centroid_11 centroid_12 centroid_15 centroid_19 centroid_23 centroid_29 centroid_30 centroid_31 centroid_33 centroid_35 centroid_36 centroid_37 centroid_38 centroid_39 centroid_41 centroid_42 centroid_43 centroid_44 centroid_45,26,3569
31,906556 1174058 505711 672992 334153 272229 990797 400246 976074 391923 240866 1183302 565580 162881 1069825 491922 1035552 714554 736864 254758 154694 331418 1078173 396333 471322 798313 65637 681620 975984 463472 66587 1112758 1056754 415386 232323 125362 958343 716015 691414 1095115 61478 640355 1029895 1005089 803167 1005579 1017739 540551 327563 585063 636222 749647 116471 241885 328669 1138242 1180608 95783 799804 1115875 459829 1095589 592634 727394 1034143 712736 877272 1091448 409812 970086 183905 933537 577217 141424 900352 287919 710373 981786 480805 594039 399077 391570 968208 406050 511827 372377 675548 388505 74793 662228 1155919 93412 90183 135383 1173077 717226 1006820 533994 914930 221874 896649 135188 219651 800734,centroid_05 centroid_06 centroid_07 centroid_08 centroid_09 centroid_11 centroid_14 centroid_15 centroid_16 centroid_17 centroid_18 centroid_19 centroid_21 centroid_25 centroid_27 centroid_29 centroid_31 centroid_32 centroid_33 centroid_35 centroid_36 centroid_37 centroid_38 centroid_39 centroid_41 centroid_42 centroid_45,27,3408
32,1067793 886633 755556 810537 556565 98059 44408 261266 762318 1148348 1115867 524895 504853 679992 356277 829832 192990 197141 125418 770464 442246 833299 494409 124076 993385 415098 617512 246630 311709 585858 496604 449588 673803 683527 892575 522695 510527 946208 267519 1048748 337203 1181205 1027226 1026805 976441 86190 461197 888596 599374 977070 423443 1153248 1067058 516447 786594 125380 264328 1024873 550238 874458 19272 1102813 779360 558882 835644 780981 1096340 595948 704996 527268 1175421 199575 984532 332006 555583 415976 509977 77511 63723 903538 804980 1173148 720487 670920 778116 439684 80434 1145438 928063 83349 1028030 507705 315640 116018 1034995 191208 373335 75195 412176 915165 977780 478972 201772 739948,centroid_12 centroid_15 centroid_17 centroid_19 centroid_23 centroid_24 centroid_32 centroid_33 centroid_41 centroid_42 centroid_43 centroid_45,12,2478
33,771481 281168 1026037 210294 955431 768808 334610 514065 440096 455038 716121 122300 695023 594755 105298 130326 708002 155614 535576 829166 978219 727357 999733 290834 1073149 254216 785087 476877 1114919 483995 1088610 373735 654205 209486 634660 322872 528886 648770 571241 16681 857267 274687 929129 162611 1044549 128683 230272 1044877 611129 445671 1165726 1179685 153302 71726 902680 740764 357152 4931 230923 961357 44964 425458 738075 1135041 191248 1137667 701998 48361 964986 43444 815807 769788 630927 991688 499540 909441 433672 740383 178561 476846 1149080 588788 777775 851647 933082 626689 753619 103050 975566 964085 512238 712575 546035 1125822 506201 805210 273097 1040972 922742 883412 185135 876019 856630 683432,centroid_00 centroid_02 centroid_03 centroid_08 centroid_09 centroid_12 centroid_15 centroid_16 centroid_19 centroid_20 centroid_23 centroid_24 centroid_25 centroid_30 centroid_31 centroid_32 centroid_33 centroid_35 centroid_37 centroid_41 centroid_42 centroid_45,22,3103
34,113485 455380 99025 1076376 1095115 728201 954300 864069 149651 550078 971339 162957 34963 581525 200834 480801 80465 273097 340023 1106598 45634 4931 709836 471322 895119 24866 1125110 130326 748981 56912 1033244 193041 542374 279308 682102 673448 1151176 119167 231490 826758 327157 83016 1104737 687611 855533 1130972 808876 110568 388893 1076168 233420 1017982 776912 934575 267103 78373 712694 1024393 466871 991775 330373 513158 762363 958343 145911 581132 266019 907763 416128 383813 41164 1150894 701998 726512 845352 254216 1049641 904299 874005 300115 970086 339322 528731 914863 937848 1112066 609925 43372 808607 1116112 164368 816441 712736 729568 488757 44964 605337 487137 1095691 31142 902359 1096828 731260 20984,centroid_03 centroid_06 centroid_08 centroid_09 centroid_15 centroid_19 centroid_20 centroid_21 centroid_23 centroid_26 centroid_28 centroid_31 centroid_33 centroid_35 centroid_37 centroid_39 centroid_41 centroid_42 centroid_43 centroid_45,20,2960
35,496685 172938 75501 710492 285073 113084 115249 1140580 78855 915377 198208 484389 192111 836721 930639 905621 470261 1116112 422863 799197 1026703 775898 1094511 765622 136983 1093539 65093 409632 994587 866274 30998 895688 273937 391923 51390 160528 682102 827770 887687 607505 190509 701998 315640 810263 1119117 278617 517695 687359 424167 720487 753968 1075018 254216 764120 551153 571759 577768 921433 300133 213901 470073 81614 372012 227300 690800 265719 133865 532406 1097730 82228 490134 874623 460768 884981 693655 428887 33443 703232 816314 455380 509027 492870 1179391 1135041 264497 310299 541265 917522 1029998 712736 1050474 135978 480577 560614 787385 961136 96549 55447 930479 1125822 174310 489166 311357 139068,centroid_02 centroid_03 centroid_05 centroid_06 centroid_08 centroid_09 centroid_12 centroid_13 centroid_15 centroid_19 centroid_20 centroid_30 centroid_32 centroid_33 centroid_35 centroid_36 centroid_40 centroid_41 centroid_42 centroid_43 centroid_45,21,3114
36,64946 1157064 431902 262266 495600 382492 887470 262864 314315 697804 151385 179610 561855 838838 416760 820371 271768 281322 87844 1173895 621410 840209 1025574 1164309 852008 1135414 1052467 101274 1005856 698227 517342 401059 526218 47944 280313 159444 788592 836121 1084565 961357 714469 966116 897294 96024 439960 616257 1112687 721552 476373 782907 248590 1040599 597357 87914 107436 1057503 555094 456453 274449 79632 590997 800977 71886 263362 926614 412495 259468 551016 235585 512838 136484 594804 795098 801701 1149118 1091245 535405 10203 235260 1120640 860385 771419 1115019 216875 369326 1010724 137206 687513 1116521 751748 686051 354603 1021277 1126925 746128 769608 1067155 1062826 885593 173971 50356 496363 771086 929423,centroid_00 centroid_01 centroid_03 centroid_04 centroid_05 centroid_06 centroid_08 centroid_12 centroid_14 centroid_15 centroid_17 centroid_18 centroid_19 centroid_24 centroid_25 centroid_26 centroid_27 centroid_29 centroid_30 centroid_31 centroid_34 centroid_35 centroid_36 centroid_37 centroid_38 centroid_39 centroid_40 centroid_41 centroid_42 centroid_43 centroid_44,31,3814
37,109399 1119778 1091546 266747 480783 792382 594344 423443 20144 669849 45589 1151176 314467 1018504 943249 213246 169209 113485 423486 279612 237369 41510 659311 715797 154979 506201 337214 1151244 1150894 796952 463549 756076 126457 702585 178319 1153814 764672 221867 98494 704155 211997 312923 688217 1016200 726548 881890 522569 453829 321148 96945 1049641 790999 1090110 613966 741529 534129 508795 486554 465554 1182539 1095027 390952 1021165 336389 598980 993203 456907 314914 1090523 359169 947712 70763 1163081 199499 588588 863440 584902 126314 519464 740764 80330 1109996 1056133 889396 954631 377580 180544 719931 356277 365449 123989 916705 282662 535576 315942 153249 733660 810141 2683 1047986 217282 616219 996038 1055659,centroid_04 centroid_06 centroid_07 centroid_08 centroid_10 centroid_12 centroid_13 centroid_14 centroid_15 centroid_18 centroid_19 centroid_20 centroid_23 centroid_24 centroid_25 centroid_29 centroid_30 centroid_31 centroid_33 centroid_34 centroid_35 centroid_37 centroid_38 centroid_39 centroid_40 centroid_41 centroid_42 centroid_43 centroid_45,29,3581
38,1179812 809946 776137 388331 168938 794996 1179682 168479 809072 480558 540967 873365 505461 765174 593742 959029 926692 496803 115354 370742 1069929 382492 418547 988185 232648 873405 81836 663866 45531 991699 659318 1061419 588361 196436 270399 698227 889038 567532 293796 1119272 716566 330931 281496 77025 1149118 503547 640853 395659 74895 664461 695692 347961 670811 785414 642354 128360 529220 197687 754866 588788 717226 602949 1083006 493306 1013371 702813 869722 1124311 1002764 173971 185691 325206 155281 868899 982830 606449 707633 379437 397246 956246 634075 834084 373103 906556 512838 900352 73808 423072 798581 665322 522271 795747 261142 595289 580218 777921 413497 785604 576218 422123 199122 200516 861474 426678,centroid_00 centroid_01 centroid_03 centroid_05 centroid_06 centroid_07 centroid_08 centroid_09 centroid_11 centroid_12 centroid_15 centroid_19 centroid_24 centroid_27 centroid_30 centroid_31 centroid_32 centroid_33 centroid_34 centroid_35 centroid_36 centroid_37 centroid_39 centroid_41 centroid_43 centroid_44 centroid_45,27,3558
39,313059 1015773 1111007 350500 145213 361286 1182950 984464 230965 164770 570407 989627 379655 1080704 985809 107216 1017517 299252 75057 371074 462318 112008 157614 117286 756431 235350 809719 1024239 596204 897183 21011 27152 718268 143563 1064136 300914 398567 758196 469287 702873 292986 735772 711885 968999 475439 950241 646507 666374 886624 360769 39544 197038 742725 496052 1110685 239923 1020662 1106335 72104 187974 530760 501980 587540 785896 233212 9558 547708 60534 513889 961272 1002764 142053 154593 653906 1001165 808821 661418 256590 320481 650327 645619 116244 1046341 322145 920413 1138486 681519 441258 892742 354981 1088152 40411 831949 231954 256107 728742 910539 237087 300179 580781 1046277 976748 422864 803167,centroid_00 centroid_02 centroid_03 centroid_05 centroid_07 centroid_08 centroid_09 centroid_10 centroid_12 centroid_15 centroid_16 centroid_17 centroid_19 centroid_20 centroid_23 centroid_25 centroid_29 centroid_30 centroid_31 centroid_32 centroid_33 centroid_34 centroid_35 centroid_36 centroid_37 centroid_38 centroid_39 centroid_41 centroid_42 centroid_43,30,3930
40,1067301 179491 138213 363581 519464 393693 1064108 522069 770218 107854 94468 665049 1153205 1053920 107436 515466 167429 961881 670012 769600 249216 480783 463309 497634 692997 126537 105991 993519 246297 156284 564562 260298 1149154 1037928 966966 929301 1076376 1033350 830608 1013270 698685 386204 828587 335736 882556 1049641 715708 965860 983568 939928 1008939 331801 315882 698448 517640 391389 1101584 382638 997160 811888 630927 962825 295955 1093815 317358 1084066 707633 902165 1053963 396573 863342 374950 490098 426888 684679 1055837 338132 893195 280129 145911 921992 1151376 1091085 873593 235758 1061667 178319 980851 1120896 669861 940630 364129 51778 1002105 859008 637104 312955 614671 1165588 237749 542196 704279 277866 926692,centroid_00 centroid_02 centroid_03 centroid_04 centroid_05 centroid_06 centroid_07 centroid_08 centroid_09 centroid_12 centroid_14 centroid_15 centroid_16 centroid_19 centroid_20 centroid_23 centroid_24 centroid_25 centroid_28 centroid_29 centroid_30 centroid_31 centroid_32 centroid_33 centroid_34 centroid_35 centroid_36 centroid_37 centroid_38 centroid_39 centroid_41 centroid_43 centroid_44 centroid_45,34,4081
41,284678 1061033 762660 237965 459557 1161268 1004765 806076 89898 1120501 1005645 636669 196436 1178384 476999 823769 152163 716095 769776 143849 712138 483517 44865 521562 405539 145006 288177 923370 989038 608989 149891 984255 753547 854984 599082 249888 991434 173780 860613 849993 115383 937128 819082 124874 1059361 145022 321292 895362 1085470 1051855 173568 801082 6787 167412 435889 935457 790573 1153486 1101293 268959 651555 495217 397210 1062965 978493 781498 1155843 565967 110793 1174443 971550 225868 879580 308806 829511 195093 709191 148368 726459 1046277 220785 566728 1050142 527188 952620 927145 1093397 830914 355944 176294 1152574 56029 490027 216850 51639 177598 1083991 1010284 787146 249216 938316 168591 244353 184873,centroid_00 centroid_03 centroid_05 centroid_06 centroid_07 centroid_09 centroid_12 centroid_14 centroid_15 centroid_16 centroid_17 centroid_19 centroid_20 centroid_24 centroid_25 centroid_29 centroid_30 centroid_31 centroid_34 centroid_35 centroid_36 centroid_37 centroid_39 centroid_41 centroid_42 centroid_43 centroid_44 centroid_45,28,3592
42,93544 163287 962471 583617 381812 249200 1123762 914354 1034143 6306 374174 141514 1031247 883344 452767 716676 118598 887527 369123 960766 818980 643449 254504 1068720 473714 719626 722409 90008 1054129 815370 622251 425254 808821 1131955 1036616 728742 930599 582770 452740 219707 182249 12545 435302 852148 1068676 600276 337860 483010 512786 1176070 357280 698589 843983 1165188 124874 969861 514736 1160722 5185 372767 984616 347939 1006281 1160986 526112 1110724 522123 506169 563844 394818 1091533 461732 543882 415790 687156 1147041 703985 704261 747834 1072879 955753 595807 584043 305347 396874 1152091 739547 121212 254216 972670 295995 1044236 8378 41164 278394 909599 1009060 718538 238026 459209 465554 87689 296524 759123,centroid_00 centroid_06 centroid_08 centroid_09 centroid_12 centroid_15 centroid_19 centroid_23 centroid_25 centroid_28 centroid_30 centroid_31 centroid_33 centroid_35 centroid_36 centroid_41 centroid_43 centroid_44 centroid_45,19,2896
43,557824 397062 348681 740764 230975 865828 453439 819885 853503 959766 447540 643583 597256 1087657 948704 914970 477324 325443 250543 360272 603217 611520 671564 552396 991635 790763 15096 494895 168375 277151 500222 874777 427203 432464 942996 99903 836629 790880 31045 829303 462563 189009 864965 34038 514025 945378 754411 948531 1050088 853434 325603 815807 1049709 535576 1111141 685619 168233 648508 727357 1133881 728565 1027523 139214 1072112 615373 592569 900076 395157 528886 1091069 766760 378411 551878 1040563 196865 1106996 886549 71726 802450 1030869 90455 724716 932574 116245 280128 1082354 254917 910980 602483 105298 709674 1081902 417225 506201 300868 69484 840204 123850 1040782 542374 129604 994017 148035 798674,centroid_00 centroid_01 centroid_09 centroid_15 centroid_19 centroid_20 centroid_25 centroid_31 centroid_33 centroid_41,10,2320
44,317809 641640 535665 764190 788706 165709 30662 249184 219042 563339 939426 986839 1082237 171529 297404 837126 79653 810607 233420 1003264 111722 679992 588988 1010616 313666 574204 666546 368501 490038 818067 397914 753118 398800 444977 1164307 1152937 273097 179734 875667 664628 153302 23352 391939 644259 855331 603772 3478 845352 940311 889255 30262 77573 708476 328071 1066917 467155 1141895 445076 1005808 1130954 262771 118634 1132822 608369 872273 1129588 1149284 782927 534464 1088717 146336 309944 305064 99646 29010 975175 66413 397218 106033 588420 536316 341272 1032920 423443 5524 518775 914224 155773 116503 217682 181066 693330 326349 849160 212819 1044690 928564 490451 832064 363920 515044 1154437 799934 897555,centroid_00 centroid_18 centroid_19 centroid_20 centroid_23 centroid_25 centroid_27 centroid_29 centroid_31 centroid_36 centroid_39 centroid_41 centroid_42 centroid_43,14,2621
45,989719 780421 1138480 12577 955282 796484 468233 525760 1075680 578583 202868 166122 625297 892234 31437 782303 955308 162945 695829 637331 663739 509036 756523 147670 1034456 299446 389380 104614 404104 6142 643270 1179941 1090136 339137 418781 2659 581905 1134535 1135140 623213 727595 848788 705835 241250 561576 406553 769808 703723 483115 930844 903032 243184 575198 1045450 601790 195056 164111 790639 1051338 857244 1093624 1071301 747766 382088 220745 1063235 1131615 665713 332786 975863 688481 263460 131411 820474 460258 727422 350527 605907 30530 668198 886552 414898 628278 627498 1020379 654554 942939 755237 1018529 522517 979835 838245 1051354 1145572 790894 957036 1049629 876110 819452 982125 549427 1160650 389584 252222,centroid_09 centroid_28 centroid_44 centroid_45,4,1966
46,828935 181047 717366 361076 387099 357766 37690 47716 165813 529529 872331 1130478 267719 360569 897319 102833 476767 721073 818638 513476 1167413 483189 52769 898951 267103 199267 315882 563120 287602 296355 665333 753122 853074 1137373 179142 81271 1024300 939378 448878 852150 827577 922050 1135791 822483 1005309 953516 826758 423751 216850 650762 13394 930869 75189 907763 46502 578050 833100 321939 1021733 955280 1143486 849160 197837 1084852 302915 1012952 991822 252225 316271 1123097 605353 678283 383125 544589 788051 585967 680109 311322 748261 715708 1024138 754705 873877 125830 663889 185215 997107 1040023 153302 427016 1111830 1052318 791577 405261 907297 1147785 762746 1023915 375106 212819 270947 360189 638496 550257,centroid_00 centroid_03 centroid_05 centroid_06 centroid_07 centroid_08 centroid_13 centroid_14 centroid_15 centroid_16 centroid_18 centroid_19 centroid_23 centroid_24 centroid_25 centroid_27 centroid_30 centroid_31 centroid_32 centroid_35 centroid_36 centroid_37 centroid_39 centroid_41 centroid_42,25,3415
47,93919 1047310 970249 659061 1143395 833537 1021658 556938 205658 7872 814854 456500 384127 959415 1113719 1116092 1004468 448308 796305 4694 257369 327216 96646 921447 343008 346934 559105 470168 717424 1038468 962084 258833 1109505 797616 474954 516814 638565 418924 416299 292127 918050 573935 252093 97920 831176 623838 44285 782303 1069439 1007223 118427 855527 452884 1107293 1154782 671924 170049 902586 1069911 1011366 930377 955232 747766 5132 746491 313990 322611 1144214 1127836 680662 778611 427164 744307 964080 348872 462869 65556 698589 508019 272229 240901 351255 88925 779163 1160955 768729 145290 810202 210352 47833 798543 489498 937848 775018 803060 208898 1087 1071268 676496 1167297 138736 573360 195572 915063,centroid_02 centroid_03 centroid_06 centroid_09 centroid_19 centroid_27 centroid_28 centroid_33 centroid_36 centroid_44 centroid_45,11,2309
48,468426 299772 467987 499903 52003 851200 406331 763154 416788 1122555 1078693 702311 143858 179279 1052188 485070 1111007 879491 251157 1148595 967845 298291 910059 247773 614671 420229 773651 123413 460983 492533 185836 338132 823769 854454 321376 402772 377461 916653 145097 807936 776460 21575 358923 1020186 446952 96419 772151 169527 337016 1053117 933389 710930 561278 600838 1152484 619617 716095 450652 159610 1146806 911867 201933 1104092 447540 419911 531311 370170 333246 829511 954549 1032395 43946 1063543 238500 500164 245128 1087941 335808 1172815 954300 113263 690688 916122 273805 925155 1095213 406493 433818 383496 148213 386116 33692 375040 1119168 31045 55562 331399 278292 257899 796049 406230 199122 617305 943037,centroid_00 centroid_06 centroid_07 centroid_08 centroid_14 centroid_15 centroid_16 centroid_18 centroid_19 centroid_23 centroid_24 centroid_25 centroid_26 centroid_29 centroid_30 centroid_31 centroid_33 centroid_34 centroid_35 centroid_36 centroid_37 centroid_38 centroid_39 centroid_41 centroid_42 centroid_43,26,3389
49,907763 825677 577768 200486 471322 970086 473501 678283 1135791 527080 202 1028574 567463 24866 529529 726512 646888 874241 825266 318732 199267 29153 359404 865921 553880 1014186 470153 508226 939378 712736 927976 636102 753122 849160 550443 656025 310848 324765 578050 321048 455380 677653 222195 96549 267103 755436 22651 4931 957827 440441 613512 542996 197837 734128 1116112 1163953 1095115 522123 55640 542374 644731 315882 381650 1106598 193041 553364 164853 113239 295005 780294 147237 61640 936019 551830 435693 1095252 818638 85662 746746 700552 752539 477321 1028175 744307 504265 1111864 656205 37299 1120632 1047785 877263 127314 585805 241151 615802 195911 194950 743651 731887 190395 1124033 1044690 708691 578733,centroid_02 centroid_03 centroid_09 centroid_19 centroid_28 centroid_36 centroid_41,7,2023
50,259862 495058 239793 1075812 425458 745814 1175950 567381 59637 637104 320473 341528 720487 564562 154251 146805 483995 978219 459209 641650 1031035 254216 414110 1069825 598316 716415 139214 443823 574593 717029 522123 844048 718175 731307 727813 492837 917522 587149 632433 360584 978039 195713 1161801 217282 121074 60217 359483 564380 184593 875985 777720 723270 757207 244810 380091 154593 643222 3851 1064510 536277 481339 241588 546495 1097514 1115012 76126 1044996 669165 257211 1109972 943346 359404 1060706 441559 156749 352502 68663 283298 1179593 245002 110362 834892 66852 466303 728767 316340 1150894 455038 202649 219707 140346 737730 234347 590738 295019 769836 285204 740750 82999 1026984 174661 980081 282017 415042,centroid_05 centroid_06 centroid_08 centroid_09 centroid_12 centroid_13 centroid_14 centroid_15 centroid_17 centroid_19 centroid_25 centroid_28 centroid_30 centroid_33 centroid_35 centroid_41 centroid_42 centroid_44 centroid_45,19,3061
51,528057 585977 1053603 220006 393695 1113446 493870 889396 557048 790880 432451 519444 28302 995782 788728 670052 369455 317520 361769 301097 169382 378965 157790 644336 354017 358540 766234 182334 1088032 479428 883996 335384 1057389 103858 422893 234108 425893 911499 787968 1137674 53602 819218 3705 75500 898402 786526 966704 568384 358732 305460 611520 983093 348681 876019 1080710 484576 790763 15096 539483 914125 378411 254804 1044549 1089166 902990 815807 1132011 1067035 853434 590203 248844 758375 847377 210811 1079253 372295 907218 571241 695023 668967 470329 785507 708147 947980 239166 384141 530040 672083 942011 568618 814194 993343 24131 388893 79824 1043338 432267 788414 1157929 506201 455002 887465 1049641 22395,centroid_01 centroid_06 centroid_13 centroid_15 centroid_21 centroid_23 centroid_25 centroid_33 centroid_41,9,2256
52,218046 102529 491129 247878 1101293 884700 568892 689285 135383 322753 1043524 70566 74895 1029895 304254 768840 1035552 377848 976679 298309 798313 92801 415386 81980 149994 946958 15410 533279 1085492 117796 1173089 604248 741373 1043204 365779 1078173 459829 716015 17209 413553 838339 946445 936199 648427 1141181 43713 519965 483152 990797 1157394 695952 496843 1143468 1079253 800712 372377 851292 991997 700244 252468 633850 665124 375727 888852 224803 106588 87235 1037667 513295 853434 659720 906556 1094067 1080809 753474 491258 851254 146086 1062587 1066562 560122 363673 1069363 802539 505461 714554 315513 1045265 1147049 12715 178450 404640 889038 101526 974167 232529 1030072 569093 1030780 396385 347961 196436 634999 193384,centroid_00 centroid_01 centroid_06 centroid_07 centroid_08 centroid_09 centroid_11 centroid_15 centroid_19 centroid_21 centroid_23 centroid_25 centroid_30 centroid_31 centroid_37 centroid_39 centroid_40 centroid_41 centroid_43,19,2851
53,1011621 242182 958196 663746 106033 818358 800274 588988 325587 475114 1179250 1174135 958951 1028175 967442 273424 806187 432605 403048 572345 662040 644186 428984 1111007 911557 1043111 908769 439447 910612 125048 210679 1075394 314535 497313 82258 434783 153302 410801 316528 581619 404431 584160 281208 554131 349697 760542 1009060 1095170 397863 55372 853864 343974 159426 666546 818067 549524 149465 268001 1182577 569813 66413 134897 832675 265744 119635 386679 121074 139735 684772 512489 911467 1062955 315315 522886 915225 593672 659084 11356 471252 233420 103555 561661 114344 1013641 12970 657003 281168 987854 1082684 227686 1055394 776066 708462 414408 1119570 732768 414063 702763 4931 714881 280129 753497 983017 474597,centroid_00 centroid_03 centroid_05 centroid_06 centroid_08 centroid_11 centroid_13 centroid_14 centroid_15 centroid_16 centroid_17 centroid_19 centroid_20 centroid_23 centroid_24 centroid_26 centroid_27 centroid_29 centroid_30 centroid_31 centroid_32 centroid_33 centroid_35 centroid_36 centroid_37 centroid_39 centroid_41 centroid_42 centroid_43,29,3671
54,1069242 19846 173351 1005092 666500 316114 1131955 546495 666752 193495 1152724 786688 596730 809175 741525 743555 237688 1106362 180536 294218 978219 983692 463362 435434 1023648 323960 1014124 1047554 201944 222975 460920 1181319 310202 1111748 773341 459209 360807 623822 831234 1061214 146762 114253 749454 423625 124874 677790 120422 259468 983492 155614 727813 1008079 1068676 19189 969709 629205 311655 645542 493452 659985 765915 444821 1175950 687774 724716 1120640 137031 970962 719458 884866 424241 392601 678325 1011236 171738 999578 95268 946749 360199 89898 1120258 241588 59637 514411 837815 418781 652287 720332 750142 27050 769776 727357 46565 1079406 1058079 1018140 1111085 706889 368501 287747 628278 321885 145006 467846,centroid_15 centroid_20 centroid_25 centroid_29 centroid_31 centroid_33 centroid_35 centroid_41 centroid_42 centroid_44 centroid_45,11,2294
55,144595 187832 161343 669440 41119 157794 616590 105719 800161 510495 414777 408020 213874 543825 815446 949168 72260 498722 136538 1044815 820421 416073 573730 107436 744803 221487 857688 341404 918656 1076524 619897 1181572 992793 1004760 200260 213729 1047887 364573 232740 1081826 317667 415144 802886 54720 574712 1094332 245803 729716 427407 272146 616012 776368 614132 755584 255567 1152737 645621 234774 216470 603019 231954 276805 821699 239891 1123633 902262 171289 793556 1165797 1180194 390007 528144 316894 193620 720685 1068128 645714 991115 484087 836721 371577 940280 980075 555889 837094 399542 695382 1074339 937789 834356 515517 369719 320845 840310 307607 588083 95613 580778 533122 127067 612384 773916 854477 405181,centroid_00 centroid_03 centroid_07 centroid_08 centroid_12 centroid_13 centroid_14 centroid_15 centroid_16 centroid_19 centroid_20 centroid_24 centroid_25 centroid_26 centroid_27 centroid_29 centroid_30 centroid_32 centroid_34 centroid_35 centroid_36 centroid_37 centroid_38 centroid_39 centroid_41 centroid_45,26,3419
56,157 549220 785616 947569 571363 42635 1021207 214773 907297 1044293 102203 299772 10042 613120 324918 581619 740134 223409 812508 219513 683581 982034 3478 454232 643208 424549 878597 686321 657374 418017 914137 1102941 336309 288937 181532 998557 247034 1101793 83435 959541 218287 461549 114973 907756 620046 553498 315882 598770 703634 834754 440671 550900 1028175 838523 1113482 719702 741548 1168298 322175 590578 317423 886805 675759 212052 659685 284101 543636 581569 748851 492283 760701 667746 1040143 492944 1151697 811125 968549 1106362 474622 1034480 172070 338394 440850 1135278 991024 1097966 91946 15175 215396 1029387 356672 618491 379401 860613 825260 1139681 465532 250762 768995 1150815 583775 80553 18973 890622,centroid_02 centroid_03 centroid_07 centroid_08 centroid_09 centroid_18 centroid_19 centroid_20 centroid_24 centroid_25 centroid_30 centroid_33 centroid_34 centroid_35 centroid_36 centroid_37 centroid_39 centroid_41,18,2832
57,903753 225693 504538 600273 119520 1010625 15866 636612 92239 940202 850557 336730 595287 59781 192590 388625 795371 1149033 718261 127314 313122 4320 15692 670467 387032 916502 576897 1022958 955703 651535 574721 843747 116286 144553 287545 1183438 70732 58801 367041 969004 751941 1027763 42638 1009772 156339 581531 539794 17393 90240 772673 198561 976736 370949 457691 966698 894018 965169 305698 784078 620607 5185 163363 102318 639458 350195 571224 422572 1017191 346102 1041007 38537 522123 1131180 867116 801941 1050625 1166048 1150216 594205 359337 953905 954873 138910 254805 1136558 202592 293283 828668 681911 340695 357883 522629 538107 457536 701490 547025 1106812 352573 938964 1100006 304007 37943 312562 81733,centroid_03 centroid_05 centroid_09 centroid_12 centroid_13 centroid_19 centroid_24 centroid_27 centroid_30 centroid_31 centroid_32 centroid_36 centroid_38 centroid_41 centroid_44 centroid_45,16,2599
58,1135041 392844 320428 1097322 304466 617732 102107 870700 1174485 535726 360689 509606 727813 165712 896067 540662 159610 1084370 940116 751624 1082354 415031 978219 985456 298639 76882 389439 973683 1093539 198869 821296 113201 932659 225079 1019962 54238 1111007 193041 396465 454232 1122131 798869 365045 736916 679328 85569 519621 172265 1101920 1181617 807810 1123785 583473 810202 1134535 351794 1033473 113096 1132866 311111 851836 720332 434480 388372 837787 52411 1023405 271904 294087 1065585 1050474 727278 633050 674599 171289 1117203 6029 1174700 360189 1110500 745122 909060 309834 119591 445071 772108 688967 537617 231490 364661 1179628 147670 1093738 113344 917975 66133 726086 1133930 793015 908300 326095 4944 360735 197052,centroid_02 centroid_03 centroid_04 centroid_07 centroid_09 centroid_13 centroid_14 centroid_19 centroid_28 centroid_29 centroid_30 centroid_31 centroid_32 centroid_35 centroid_36 centroid_40 centroid_41 centroid_44 centroid_45,19,3001
59,129983 59136 57572 874092 177534 706756 300151 155820 71399 645405 532568 238910 236584 686460 805170 1166667 1114260 1047785 1118374 388392 815481 810064 401860 423072 921927 644082 118915 585375 734091 111730 764837 642292 242854 479483 85278 1098979 50451 126487 1107150 1114142 927947 468400 1037193 804235 114924 512421 59199 552699 787883 746884 1021207 537281 60544 562797 770740 74927 461849 814634 924902 952130 651349 551979 549524 11658 321376 1082082 676318 970698 693562 737945 115723 672463 1055634 408816 760871 321048 596701 644288 316719 88163 719081 885101 305509 436257 958954 882556 1087657 235260 1095776 246285 474809 906413 787459 644583 1151525 83565 689536 793314 130823 1110700 284839 852150 687513 887695,centroid_00 centroid_01 centroid_02 centroid_06 centroid_08 centroid_09 centroid_11 centroid_13 centroid_14 centroid_15 centroid_16 centroid_19 centroid_20 centroid_22 centroid_24 centroid_25 centroid_27 centroid_29 centroid_31 centroid_32 centroid_34 centroid_35 centroid_36 centroid_37 centroid_39 centroid_40 centroid_41 centroid_44,28,3592
60,1016837 23053 7175 921042 344254 567532 132710 1155508 615262 795765 664906 215007 547259 1050407 1050381 50825 498453 914017 542949 300271 647097 738316 395613 625109 390848 968444 390893 110523 251163 1055980 754360 756655 228225 473847 139399 621347 206572 178473 249528 266582 808541 1023631 911467 711147 1136837 505461 634969 836271 1165894 350500 796091 173658 1030555 131445 134444 381278 811004 1135713 881520 499668 934518 154106 686614 416388 15860 1143822 884163 85281 500945 88425 845992 932430 984661 29908 1081530 598783 1174881 550209 117357 454354 443962 764279 1028175 687156 1168089 1004655 369634 368011 979473 56912 503243 508914 690020 78605 589407 939426 960614 1090110 367474 33354 828868 1084013 1110700 1055882,centroid_00 centroid_05 centroid_06 centroid_08 centroid_11 centroid_15 centroid_17 centroid_19 centroid_23 centroid_24 centroid_25 centroid_26 centroid_29 centroid_30 centroid_32 centroid_35 centroid_37 centroid_38 centroid_39 centroid_41 centroid_42 centroid_43,22,3073
61,28810 340023 77900 521471 1067305 633305 192567 554825 992165 235288 898637 244955 225245 874005 906835 385181 558882 56074 977070 636873 213985 587626 952356 577811 66413 1044023 531039 621720 1094350 888596 1114919 303435 600277 455451 205111 476846 521493 525258 175150 458234 1007427 78902 20167 864069 415976 523591 180410 247227 734739 577627 375477 513809 707773 804980 967068 1095675 1071946 642675 83222 32460 1141758 443597 378076 695730 786200 1125283 108864 51671 444695 586287 795462 443881 917528 950415 919771 1175950 1026586 1140998 437073 212841 880378 30095 940970 974524 130876 43946 874249 719365 701847 181199 1179685 940091 43372 135875 128969 377793 200392 1121760 473974 99724 727207 23021 469036 152911,centroid_12 centroid_15 centroid_16 centroid_19 centroid_20 centroid_23 centroid_25 centroid_33 centroid_41 centroid_42 centroid_43 centroid_44 centroid_45,13,2572
62,93919 1141398 826983 870519 397852 691370 1024393 739031 701106 1015242 940116 374948 700431 1002458 777747 1003129 763423 127314 501645 1039137 1038468 117245 5185 713739 728201 577165 134438 970592 801171 800785 707270 402319 677269 391372 312296 459829 1165303 586262 256099 1049231 741060 559105 19289 1034120 387920 168775 1106907 500744 46369 792835 1081913 983605 274391 400377 688481 1119240 34243 102827 154948 29221 288106 613680 1076376 517785 816168 814284 812237 315169 1099684 22212 524895 380816 473055 559293 911499 653232 33698 195911 214903 541730 8235 31242 281215 892261 427391 693858 407115 287887 710951 673591 128641 333751 435305 1120386 618246 1114685 4931 440441 722113 874241 743651 658673 440060 582384,centroid_00 centroid_04 centroid_06 centroid_07 centroid_08 centroid_09 centroid_10 centroid_12 centroid_13 centroid_14 centroid_15 centroid_16 centroid_18 centroid_19 centroid_21 centroid_23 centroid_24 centroid_25 centroid_26 centroid_28 centroid_30 centroid_31 centroid_34 centroid_35 centroid_36 centroid_37 centroid_38 centroid_39 centroid_40 centroid_41 centroid_42 centroid_44 centroid_45,33,4032
63,65091 20167 478972 490483 373 225245 111348 1088329 1062282 977070 96940 607034 313143 90363 833299 305460 1086508 1036474 810159 1003869 219927 992165 683901 1117252 1045426 309399 350242 129496 888615 635153 590367 90705 125631 211977 560289 1090980 193782 971339 323012 829035 516450 870389 1183443 415098 254119 254917 863635 638589 390974 1150150 1151387 436237 651693 781711 74670 652444 442246 816666 744837 178219 552343 373735 714806 888596 1048748 930543 899898 794383 282411 415401 531039 581915 1146235 1059962 617091 750081 96691 667265 276100 964029 494409 840705 724101 992656 883084 410596 1126076 546134 1076577 1178823 291557 31093 425685 206412 731761 293091 127159 136484 814453 79872 1156222 850866 99724 348960,centroid_18 centroid_19 centroid_23 centroid_30 centroid_31 centroid_42 centroid_43,7,2113
64,893760 24498 560682 760533 1015747 546623 298442 1073995 581551 148362 2981 484086 226987 830239 841299 490542 38632 1112481 296291 653906 464741 946341 202973 972584 320570 599424 210733 713883 1113347 531654 170884 673453 874792 127296 122085 110934 785910 524836 786937 965217 1129392 498983 360735 804458 312362 561814 134150 351347 589745 622673 1085508 29805 844684 487379 220291 505277 882971 61199 94241 786968 300828 975226 630659 35906 1010093 830923 869828 795690 919133 1009699 596726 762965 115999 307115 496764 719654 180017 302863 989782 506547 743048 575107 256743 108511 129048 667178 216701 581473 497926 914247 412911 846007 282412 254661 455671 139539 952241 631729 70401 670569 560743 531242 127779 1168692,centroid_02 centroid_04 centroid_05 centroid_07 centroid_10 centroid_12 centroid_15 centroid_18 centroid_23 centroid_25 centroid_26 centroid_30 centroid_32 centroid_35 centroid_36 centroid_37 centroid_38 centroid_40 centroid_42 centroid_44 centroid_45,21,3024
65,823007 532483 933537 607154 254216 777775 1149284 940116 501140 943667 883344 700552 718415 850259 1139019 814303 154593 141756 1093539 733742 721573 1143735 397118 838980 654989 869844 118159 318732 472211 407204 640593 652364 230279 192990 365045 1095115 799044 395125 521213 711885 55640 675548 177759 978219 973879 933909 415790 1128883 1063420 248529 574298 860613 932471 52497 813390 445811 575705 492837 658858 83016 727813 1063415 517695 555261 303845 354409 287602 1047687 887786 1057275 362453 1122131 1056924 776203 87882 521562 605337 399220 1153248 572126 920252 343315 787385 1105686 546676 580218 727466 938316 373126 792868 320233 18582 1013145 519928 231490 1107277 1166001 915827 219455 843968 582888 793412 305066 1150894,centroid_00 centroid_02 centroid_03 centroid_06 centroid_08 centroid_09 centroid_12 centroid_14 centroid_15 centroid_16 centroid_19 centroid_30 centroid_32 centroid_33 centroid_35 centroid_36 centroid_38 centroid_39 centroid_41 centroid_42 centroid_45,21,3114
66,146021 340902 724231 697939 63467 1106108 969405 1160148 708072 952906 760871 884525 1178547 649835 655836 951318 1010197 1020486 707470 624047 556966 859046 681091 766528 1134215 44865 1114084 148269 231490 1052318 565623 701998 210550 210635 769514 901214 78373 65778 1116112 324991 542374 1152574 1183165 1005465 1028175 420430 557388 885101 963520 305509 153302 5173 4931 41537 838535 159595 361009 850489 1050474 796991 1174700 305567 324765 621311 409988 180827 348156 702873 13394 988080 173668 829511 1069861 594835 207127 7432 776203 743651 202 610382 269455 567463 654989 524354 359404 1149284 875331 860613 1109472 407304 110568 403877 3228 1010377 513392 274391 408120 1099890 897097 556044 130326 1000611 185293 127314,centroid_03 centroid_07 centroid_09 centroid_14 centroid_16 centroid_19 centroid_33 centroid_37 centroid_41,9,2256
67,711785 20502 970962 98450 870776 152990 622251 535945 601790 793015 653158 760701 254216 577768 562797 447463 440441 317101 776258 1171205 889662 283006 955232 244810 1063420 354691 1088491 517785 973523 491392 5185 283300 871624 605182 1107439 174661 711292 670160 808541 316130 993455 1168976 963518 1106598 818980 1082566 1006281 603752 656205 926388 1083065 1149284 213233 245244 336027 830776 923334 814958 815548 874365 585758 1071301 206090 868959 316896 713247 1077904 432545 965446 480577 123578 1093539 279308 599424 830677 1072995 726417 1094468 225300 918336 570407 145600 555978 790816 133425 910750 536316 1095252 871549 816168 318732 564380 535318 956143 1065112 1144874 328852 145653 395007 470010 554665 127604 143149 374314,centroid_02 centroid_03 centroid_09 centroid_19 centroid_39 centroid_41 centroid_44 centroid_45,8,2207
68,197566 733278 707270 539483 1026053 371527 112538 586541 538577 448833 958028 842293 1072024 918423 334272 957855 704008 398964 634999 788728 52834 318501 670052 693358 812237 822623 437402 459218 1096472 672463 863931 518408 911675 81980 244950 459829 136606 898402 578982 424529 165349 1116304 27550 966704 1116482 498342 1079609 697312 1068264 838339 370742 182141 554468 447780 668375 194476 404547 81295 706756 563473 969849 86610 1094920 594755 1166741 910262 246722 1133857 183905 297290 889145 61925 616643 647936 383981 922512 760593 433818 1114059 878845 492296 807267 1180062 413507 135358 315513 131201 787209 785507 203213 254758 319895 218046 41348 1165859 889396 384801 99025 780982 253040 369455 421475 267313 700202,centroid_06 centroid_08 centroid_15 centroid_19 centroid_20 centroid_21 centroid_28 centroid_31 centroid_32 centroid_33 centroid_41 centroid_45,12,2403
69,1136900 1062466 479873 1102876 43825 542352 48236 633407 1104207 215890 683581 572407 321503 620737 1032453 560125 627871 278292 143977 618304 278431 1146564 153305 390451 591437 390007 769986 1148129 1063982 99646 242741 396874 1115019 907287 849160 589554 1044872 1140218 644288 1104547 197689 702677 510495 270649 500108 33468 440872 49918 348479 888800 278394 921430 289066 668375 794251 1069179 1178509 910759 496907 625432 732732 208585 176294 325280 609102 1093770 481582 818638 864864 744416 633189 171557 413185 748732 17438 1146448 573246 1105957 1055710 1034044 665488 893045 320417 639151 737895 745735 1055590 142053 237369 621427 599746 196722 376982 123518 605718 527941 202592 429147 464413 215909 841121 494259 1179492 572936,centroid_00 centroid_02 centroid_04 centroid_06 centroid_07 centroid_08 centroid_09 centroid_10 centroid_13 centroid_15 centroid_17 centroid_19 centroid_24 centroid_25 centroid_30 centroid_31 centroid_33 centroid_34 centroid_35 centroid_36 centroid_37 centroid_38 centroid_39 centroid_41 centroid_44,25,3340
70,112435 1042871 1030943 605656 542251 313273 538757 1153699 231059 596825 826463 534918 1111007 700687 707633 915553 454232 584259 1112066 98327 1053609 588361 336451 936142 421543 233420 93751 915165 18557 622777 1080128 1026479 1173148 429537 135955 219042 183045 582582 828320 708147 383813 194082 942649 29908 608419 953905 842051 451368 727813 214802 244313 867460 899382 396573 638994 728027 231490 481169 869816 28954 590916 1075264 621006 505447 1084565 66703 263599 209155 535200 439178 561661 358256 790811 522695 831641 139645 1099192 699592 193303 1040023 217612 16515 605337 764455 573503 397699 254998 1013613 153302 508855 988116 1082342 56912 434226 637163 644259 655525 711903 18854 76782 941477 83423 1149681 401607,centroid_00 centroid_07 centroid_08 centroid_13 centroid_14 centroid_15 centroid_16 centroid_17 centroid_18 centroid_19 centroid_20 centroid_23 centroid_24 centroid_25 centroid_27 centroid_31 centroid_33 centroid_35 centroid_36 centroid_37 centroid_39 centroid_41 centroid_42 centroid_43,24,3351
71,664272 612273 1142678 1041394 1037146 214107 719314 810620 1053921 746898 1141097 636960 1041705 491052 827387 250722 515645 355453 802350 331608 978535 272738 1119333 66531 846024 40206 408318 185731 384763 983546 967004 35254 10459 843997 1076715 783815 339668 603157 908194 443103 230106 689405 742235 1019714 1010535 331554 871282 673510 1108239 145315 772164 662351 659801 811982 1035333 890644 705508 1058668 891532 430202 1009514 522876 282477 219240 819180 994049 912864 733433 548554 345431 674575 1000912 378606 163280 22847 320766 891654 984112 420593 27856 707246 927025 11341 843969 249281 483475 788877 204213 435307 1119665 40616 798154 68530 663890 548220 1024743 143340 766317 733758 427709 488278 21330 463324 722802,centroid_05 centroid_22,2,1703
72,406218 945193 281246 489621 617584 755635 828887 214630 1112694 1148036 887925 831593 536159 1061349 871041 29154 199297 777551 1051354 752430 342014 646908 15703 646643 183185 359629 1131539 1055881 382088 48892 389584 1182347 529722 1110724 968791 847475 1176040 412944 125208 129154 654126 1111085 712494 360042 556374 120739 320030 462390 415329 790790 1082145 555152 1093075 30530 104614 670160 24696 510656 166386 660531 563847 1144878 90724 440594 38531 212313 1170838 138706 238026 176282 705835 541735 1155990 864600 658579 687868 123502 646323 478905 264201 631160 283470 20502 357220 189935 716272 508019 942939 729568 501730 1090817 560743 1141755 993455 506992 483115 591455 428297 100047 891486 984440 1051338 76141 534563,centroid_09 centroid_28 centroid_33 centroid_44 centroid_45,5,1955
73,604751 589169 253123 424167 362646 438485 158406 277978 929685 686866 208930 227300 71593 18869 749997 1163694 152043 570285 1129401 393611 799197 170137 49536 393224 585481 431044 1010946 1084704 1062094 605431 55447 368343 545315 624617 733006 313046 955438 334813 190287 10934 180764 882913 851317 220642 594429 128198 127267 1035181 845547 658896 915117 439124 56431 814685 391477 1005017 888751 965575 1091201 387904 283409 723046 777178 36808 995908 217881 573794 445811 627410 278617 675301 646829 707853 879596 343601 81704 191690 142999 1013838 936494 5477 591333 605964 907947 473956 407652 600579 922908 938633 415292 84422 769411 1028972 803298 881216 217362 965948 398216 769749 58437 1121491 338711 597741 1058839,centroid_03 centroid_15 centroid_16 centroid_19 centroid_24 centroid_32 centroid_33 centroid_36,8,2072
74,788167 520713 884206 1118762 330775 496685 600195 55447 282895 607505 360189 775898 172938 113084 1094511 338711 197038 1119117 974161 136983 137761 473956 281724 75501 896488 723201 368343 143848 850630 150434 226432 728461 1097730 624617 851317 611296 487857 938620 691159 732580 789744 78855 573794 917469 874623 422415 1101958 1171367 947210 860622 208930 726491 1126577 121321 299480 393224 985224 344550 310299 770124 424167 343601 345038 957203 82867 1059488 375541 227300 278617 443312 660540 1052296 775892 867657 1005017 1099746 205972 1001165 838980 184688 182125 847882 1049730 152867 1022692 170137 613837 896008 581619 47887 583191 814685 288444 353952 791717 1143937 311357 1068535 414519 803298 703232 551740 1054144 713030,centroid_03 centroid_09 centroid_19 centroid_27 centroid_32 centroid_36 centroid_41,7,2083
75,78977 871243 904997 85294 506201 1018653 977859 325937 785896 305539 289308 339322 426558 373589 1086862 919771 806936 765915 1126908 1060700 784352 290834 856361 892015 466918 1083460 885532 713397 688142 1140690 707342 906111 1071632 954633 817830 120739 970962 677790 459209 668780 408060 873370 1149284 283298 690275 966694 560125 861474 706647 880559 1093815 790723 99500 991688 200662 780981 713018 1126679 966966 841198 425784 859288 325206 629205 399129 337577 78454 865057 1167359 225264 408031 915650 518025 646643 291854 794957 840209 64156 259862 481324 114344 875635 864384 1003429 622513 508795 125657 927703 45953 1006624 1149080 1062592 463588 519444 327157 805231 66413 1138601 953678 564380 184043 381373 167199 196436,centroid_00 centroid_03 centroid_04 centroid_06 centroid_07 centroid_08 centroid_11 centroid_13 centroid_15 centroid_16 centroid_18 centroid_19 centroid_20 centroid_23 centroid_24 centroid_25 centroid_30 centroid_31 centroid_33 centroid_35 centroid_36 centroid_37 centroid_39 centroid_40 centroid_41 centroid_45,26,3314
76,766431 864102 554846 456343 278012 351520 10006 637163 63723 434226 71080 319620 115910 1089120 724101 672016 503152 1096340 313666 1150894 191218 428809 110343 181479 676595 790573 1046656 1060566 13942 973544 40411 756684 311102 1024873 430489 125380 575884 74307 261266 783392 855533 969434 375208 130326 1104737 349697 116503 4931 629428 696385 718222 340023 1037709 901214 43372 368011 443597 1026479 901024 102481 782927 193041 871867 1026586 1048748 756475 914354 91250 358674 225589 1475 757169 718415 1151176 371162 13874 786215 1082237 778116 184873 338605 978219 11356 831485 1080034 152911 922900 519102 519157 826758 572533 151232 883344 795720 64870 718429 1077445 80306 330920 1056924 201772 69365 1165726 135920,centroid_06 centroid_09 centroid_15 centroid_18 centroid_19 centroid_23 centroid_30 centroid_31 centroid_36 centroid_41 centroid_42 centroid_43 centroid_45,13,2482
77,576170 349023 464373 748899 1138763 1068676 553407 373812 952001 949168 728200 461549 877322 965650 431793 1101649 842798 714993 676032 446812 702858 195279 912412 463362 1149938 593026 893818 117847 30788 416853 598969 59254 720078 946287 612279 761384 904686 307303 665333 803596 1118549 263599 821381 549167 188151 1144537 1123803 726294 529529 1050048 475128 61478 1137552 846770 846383 993834 1022937 772509 293866 114659 1056478 206500 1114761 381812 794251 1047234 321910 869990 580759 986649 811004 289448 187578 333246 228283 859329 609538 1039610 202576 550437 180351 601447 578094 529213 602831 998586 810975 1040599 561633 934472 324009 605736 246077 816643 1069878 710930 787505 635790 511470 374641 676239 765825 183334 133120,centroid_04 centroid_07 centroid_09 centroid_19 centroid_25 centroid_27 centroid_28 centroid_34 centroid_36 centroid_37 centroid_38 centroid_39 centroid_41 centroid_45,14,2621
78,718538 1008939 526332 1111007 296047 712169 634999 1174730 327362 174785 838992 737259 233699 54446 1080809 677483 1130543 889038 315942 634075 332208 285990 1056754 52903 1001834 555733 413507 717320 846689 882157 1106598 690275 776655 210198 99874 1031012 911675 542374 64156 152270 1138486 731364 925155 110680 1095571 66324 255414 653325 818829 561390 170884 73808 1002254 790496 662068 609935 716700 702873 737730 736240 227574 800712 1133639 838535 641695 1074091 936159 420541 853475 850359 769920 1109235 1030230 367981 118535 540967 1178885 311583 231490 1044996 1072879 796712 17632 1165436 511823 988055 189352 78373 390876 237749 87365 1100067 397628 322605 117454 419357 819452 797507 1098089 213837 260874 162520 233420 1035001,centroid_00 centroid_06 centroid_07 centroid_08 centroid_09 centroid_10 centroid_12 centroid_14 centroid_15 centroid_16 centroid_19 centroid_20 centroid_21 centroid_24 centroid_26 centroid_30 centroid_31 centroid_33 centroid_34 centroid_35 centroid_37 centroid_38 centroid_40 centroid_41 centroid_42 centroid_43 centroid_44 centroid_45,28,3697
79,444259 29971 795718 907218 1744 337549 1138910 1161364 60330 35911 403789 815807 988443 1003272 909441 346859 753122 1108927 247429 610432 712801 504531 1111390 759849 1030713 967910 1045265 59876 954722 1122859 589407 482446 769788 44964 1067155 464839 999966 474396 377847 697312 428910 418933 462563 353832 592634 1169792 445204 790880 889145 127471 250543 934151 826758 1105384 205658 456772 447540 697230 769836 1096516 763154 425458 708238 704008 12908 634920 573443 367339 357922 919643 130326 766718 672463 1110700 506201 1168845 916657 1117203 789809 1123001 872632 183152 315053 184773 988260 512238 74895 599561 132171 858620 56647 1152484 523760 1003873 1061408 194785 939058 450708 287971 231490 567532 1106108 568999 814284,centroid_00 centroid_01 centroid_06 centroid_07 centroid_08 centroid_09 centroid_11 centroid_14 centroid_15 centroid_16 centroid_19 centroid_25 centroid_26 centroid_27 centroid_28 centroid_31 centroid_33 centroid_36 centroid_37 centroid_39 centroid_41 centroid_42 centroid_45,23,3182
80,254216 780981 637104 536316 1095252 68663 701998 81035 231490 464459 777775 449937 105991 725515 874241 492870 978219 146805 727813 162179 1149284 9999 1031035 245002 16681 320607 853712 577768 546035 1175950 99110 359404 483995 349697 856775 375008 1089873 791784 160528 773433 4931 667465 204 787385 703232 1135041 517879 1116112 1168178 1037016 480577 1095115 85576 216440 198051 567463 1109472 718415 1069825 332208 162611 481250 174622 1105384 553880 1081571 239540 490134 1003739 281168 487266 1075812 193041 228592 121321 965644 265191 522123 834892 600579 362453 924819 415042 726512 693264 422863 1106598 1109076 780294 348156 154251 707633 1056924 1091249 795898 1111007 492837 340828 511623 605964 769600 741507 656295 720487,centroid_08 centroid_09 centroid_12 centroid_15 centroid_17 centroid_19 centroid_24 centroid_28 centroid_31 centroid_32 centroid_33 centroid_35 centroid_36 centroid_37 centroid_41 centroid_42 centroid_44 centroid_45,18,2952
81,716184 647936 1104236 1091598 271450 793784 23422 1107933 142102 383981 907302 539483 702316 315513 710214 738097 539592 992965 618513 670052 185135 1014817 941222 208482 908210 550051 997177 1148098 1053603 119289 584489 753443 1157345 182141 580030 924714 568164 337412 543258 318601 307990 716437 730480 498342 1020342 106497 1009542 198853 314574 463349 690873 995782 206627 782364 168999 86610 1143578 643039 311076 328719 425893 850457 210811 793881 872658 93996 678159 538577 398575 1097191 892742 1068264 168401 1130972 660845 822623 1091143 1159726 1096472 785507 301035 549473 203693 773315 139548 692997 74746 876405 699881 1013223 337193 681620 801023 441115 157176 337052 786062 278446 518515 918423 867954 974964 147670 958144,centroid_01 centroid_02 centroid_03 centroid_06 centroid_08 centroid_09 centroid_12 centroid_15 centroid_19 centroid_20 centroid_21 centroid_24 centroid_27 centroid_29 centroid_30 centroid_31 centroid_32 centroid_34 centroid_36 centroid_39 centroid_44 centroid_45,22,3133
82,167507 865268 259954 362453 445811 733792 62823 778116 315640 1005092 1081571 192990 714951 733646 126457 1134824 462563 399749 1117600 918298 535576 689405 978536 1109028 769 157301 478440 556432 1095252 393119 283298 1119560 1129698 406050 387459 722634 170884 56074 669920 1071946 154187 172472 544634 162520 649103 527424 6306 909311 69062 674162 1132188 38537 423443 580781 575884 68938 254216 675369 1052451 907947 1042727 257707 109639 455982 1086561 1182510 939173 701965 393363 837979 762363 426257 211997 419655 1042871 712801 754411 270557 170768 177180 15096 746792 701998 708050 54423 179520 1103536 733742 496843 1155098 50136 31045 371483 679675 1047554 1059399 535726 791605 1174236 932659 45589 62576 216440 399074,centroid_00 centroid_05 centroid_06 centroid_09 centroid_12 centroid_13 centroid_15 centroid_16 centroid_17 centroid_19 centroid_20 centroid_23 centroid_24 centroid_25 centroid_29 centroid_30 centroid_31 centroid_32 centroid_33 centroid_34 centroid_35 centroid_38 centroid_39 centroid_41 centroid_42 centroid_43 centroid_45,27,3408
83,751277 194710 570924 162179 902927 444934 72423 711392 238608 397798 980081 724336 1154372 607279 828150 449937 816176 151485 61498 676079 720100 865913 146665 391356 1141755 1014061 498733 1054129 121909 807810 13748 26857 663862 340828 351021 1061686 59637 416594 524173 87689 667029 554665 887734 437964 285171 131436 717029 1154721 15313 1064192 824050 1016730 456336 17438 1169277 978219 542653 107586 4653 719626 164243 584907 629205 339322 1074665 1087066 356044 347987 957036 960126 546495 628344 952562 973555 587149 523591 874365 951294 657548 411312 250900 855527 932394 1062592 1126921 772807 1089749 185041 936019 434088 560743 319175 245244 51701 1032564 115754 683611 238473 20984 45621 903032 911125 241588 474831,centroid_09 centroid_19 centroid_27 centroid_28 centroid_33 centroid_39 centroid_41 centroid_45,8,2147
84,329315 259056 727207 915165 849351 800274 1176167 695730 561506 77699 259408 411647 758271 1113730 489243 502644 711247 788984 1015099 1121760 732583 443597 434020 708476 382229 38154 765604 786128 51522 971339 308757 11658 716121 779360 554707 1150894 681945 351520 59787 405261 100933 278128 70062 105561 569813 478679 790573 1094350 328797 74155 145062 1062846 831931 1011660 296716 901214 754198 1029392 454433 1175421 515181 246875 7432 430865 598997 692457 345704 670426 938943 1028175 410858 142292 231490 229992 1097323 888596 332830 886659 683527 516829 456549 340023 435450 963954 475011 275743 36321 343974 675286 231678 434226 439273 212933 535200 684666 1009060 186001 844854 542374 423340 609572 1025614 711853 40411,centroid_00 centroid_03 centroid_05 centroid_08 centroid_09 centroid_14 centroid_15 centroid_16 centroid_19 centroid_23 centroid_25 centroid_26 centroid_29 centroid_31 centroid_32 centroid_33 centroid_34 centroid_35 centroid_37 centroid_39 centroid_41 centroid_42 centroid_43,23,3257
85,1172618 158771 775310 656240 305707 150113 702743 613586 806516 132496 225849 104661 167571 921042 1063829 637902 537473 845896 650394 22588 1012806 732747 1026298 679575 124742 578165 62598 1138507 880354 867014 761746 639466 341274 567532 639127 90895 354520 658249 42571 1005855 624060 617178 127816 985627 583858 178450 687437 86680 1107009 314785 359461 954051 270604 255886 659810 818611 781899 183878 472739 364202 889353 881520 521033 647097 395613 50825 958566 688630 326266 508914 985451 986687 671927 1007814 316152 279674 774632 882817 1163392 339398 1156477 736699 80079 863171 785169 618245 599561 1118716 740093 545484 798542 600077 203685 1168089 714923 1135713 316102 344254 1101617 861789 604755 93218 182574 669707,centroid_01 centroid_11 centroid_14 centroid_24 centroid_25,5,1880
86,866737 708835 758397 1149681 852932 131969 901295 1041914 239390 990613 1036884 905157 450896 595571 601504 434913 1062826 703547 636389 639458 471337 717436 533699 484969 206405 974112 119167 792225 328105 35694 876513 448971 184267 804281 1029414 569813 373537 992590 586427 815843 667180 177741 53757 679992 1168224 1165188 300924 637104 235288 157642 995958 363638 302257 1014850 918923 915602 1026442 1016387 1136486 899400 830817 192993 888854 1085501 966346 843445 648338 695125 907487 263119 608240 1102194 153302 927330 265191 40733 1024068 522886 951730 988565 443881 333058 978536 706788 764028 269218 848498 667476 83358 105541 677653 583127 1080476 1095115 499668 1143127 1100431 321041 575884 94405 1042730 1037285 782786 731288,centroid_00 centroid_03 centroid_05 centroid_12 centroid_13 centroid_14 centroid_15 centroid_16 centroid_17 centroid_19 centroid_23 centroid_27 centroid_29 centroid_31 centroid_32 centroid_33 centroid_37 centroid_41 centroid_42 centroid_43 centroid_45,21,3009
87,374299 1041180 3493 1167194 231490 875324 977831 33694 273427 153302 734935 677653 1018943 944323 995908 154097 582591 1116112 627284 130326 119308 611296 453562 115261 959591 306389 275291 316781 234667 1006223 245771 1028175 1166017 443583 1056924 580824 100922 1087754 874241 839830 690160 812896 876405 518665 825142 1147015 922908 717227 112623 527864 838535 766348 1141827 267103 246099 180764 184688 1165726 220124 1138486 989439 744416 20485 334919 164870 186516 15231 1012477 253283 915377 390783 324765 860613 596825 750597 958734 198692 661418 254392 653964 404805 822483 113928 741956 164770 1105384 293954 364573 258863 1131247 373589 338711 657562 883131 37802 939378 238759 246420 113063 263381 198952 1111007 29551 360189,centroid_03 centroid_07 centroid_08 centroid_09 centroid_14 centroid_19 centroid_20 centroid_32 centroid_33 centroid_34 centroid_35 centroid_37 centroid_39 centroid_41,14,2531
88,1149247 863885 31529 351463 384981 84329 981384 553058 824131 753692 386703 76901 185591 694466 1153683 169268 592757 208996 822274 23695 669642 527765 824926 288306 155236 414422 439976 422176 13716 197293 799538 149449 689972 732117 706474 341258 46922 39466 164370 1067735 1149462 366043 1018984 420421 1004314 354768 1009173 91375 1159319 654678 24254 381749 1041381 971225 440539 98581 714920 13186 349805 1049110 161224 283181 277233 659918 129170 329365 904604 774430 1052967 1088164 133864 938112 85654 933208 80713 433742 116431 593949 471004 31043 984838 978702 68776 1047013 866858 161064 768503 533387 1110004 162523 784133 1160946 1153486 673619 53167 307712 454846 329292 146540 658008 978348 376786 1044118 892958,centroid_14 centroid_16 centroid_18 centroid_20 centroid_22 centroid_27 centroid_29,7,2158
89,252919 767157 461747 457715 465554 245299 600276 932471 632303 690020 164379 480041 570392 942761 411052 773442 914354 1048905 1117600 936005 907476 1025818 151772 179024 449624 799608 637564 96162 960766 231932 1122925 125547 443198 868585 19090 851647 904692 1150894 957797 875007 99177 897183 232827 507416 107854 38531 41164 948976 555482 568526 756567 1103089 1022187 372767 943346 1087657 309748 536277 539250 344516 664155 130326 272354 825142 85238 283298 1007427 485669 1068448 193599 737730 480801 766348 727466 793044 254216 449091 210997 1008939 462454 484389 838894 91392 246820 581619 892949 1032090 73808 431379 45458 70914 996038 788167 590649 1103606 1066711 351498 124669 186151 184043 718339 1109502 668780 1175989,centroid_03 centroid_06 centroid_08 centroid_09 centroid_11 centroid_12 centroid_14 centroid_15 centroid_16 centroid_19 centroid_23 centroid_25 centroid_30 centroid_31 centroid_32 centroid_33 centroid_34 centroid_35 centroid_37 centroid_40 centroid_41 centroid_42 centroid_45,23,3257
90,560935 1007690 717271 410125 990030 797490 1171346 758696 1090523 878787 39097 695904 165830 1158191 269340 110238 763378 968560 431354 38376 1153699 919405 410698 269643 795830 41375 246597 928719 107854 967961 911764 124459 252065 759981 185043 1088152 216941 1121255 359505 140015 442352 30420 663686 1116304 278241 87365 881524 450652 478579 257707 625785 1058072 936990 974608 200480 782299 945574 481961 401552 199121 301410 823033 596138 111121 847157 1037608 270438 684006 927145 246697 212819 24196 699885 503145 334569 633407 195799 243164 991059 625477 390446 273663 174287 946021 245126 116052 1069965 646717 50705 521035 1098051 806711 162676 1069233 219551 267647 170768 1174925 1146684 488195 124335 1017401 565200 316480,centroid_00 centroid_02 centroid_03 centroid_04 centroid_05 centroid_07 centroid_08 centroid_09 centroid_10 centroid_12 centroid_14 centroid_15 centroid_16 centroid_19 centroid_20 centroid_23 centroid_24 centroid_25 centroid_26 centroid_27 centroid_29 centroid_30 centroid_31 centroid_32 centroid_33 centroid_34 centroid_35 centroid_36 centroid_37 centroid_39 centroid_40 centroid_41 centroid_42 centroid_43 centroid_45,35,4025
91,662229 1177364 963059 3345 901234 495543 87765 314399 684850 886057 151490 118297 145652 1107122 182387 866906 531563 15123 125864 218295 1165588 1046036 942306 405062 581339 523168 660440 1012952 423316 747254 597169 954573 515567 645677 1077749 752097 58046 742563 290528 287978 1165463 772998 478824 625190 805972 418074 4971 631611 975569 879173 92006 77317 876986 74675 78454 62007 243951 753309 394720 399999 833986 341345 708835 133795 131638 677720 517882 1137933 744066 161744 854920 710424 794779 1147990 61141 1100056 826236 1037928 1023730 594839 903359 1081711 522392 1054348 756225 911589 252296 554831 96446 432745 1171802 1113495 679497 262259 674751 684750 465554 211854 1052273 808655 124623 364260 521031 409658,centroid_00 centroid_01 centroid_04 centroid_05 centroid_06 centroid_07 centroid_08 centroid_09 centroid_14 centroid_15 centroid_16 centroid_19 centroid_20 centroid_23 centroid_24 centroid_25 centroid_27 centroid_28 centroid_30 centroid_31 centroid_33 centroid_35 centroid_36 centroid_37 centroid_39 centroid_40 centroid_41 centroid_43 centroid_45,29,3491
92,330186 992598 221538 316160 206572 1051102 343899 290110 268463 151242 673591 344254 986068 1017982 741242 897128 105559 1005808 722113 219513 977679 221816 383813 108394 978803 1095115 233420 538022 59772 214773 363591 946746 40499 647197 743771 473847 95321 308476 762746 595010 565907 925184 509279 860948 909789 1167283 962211 379257 1074811 215890 734146 558550 637452 658249 507039 985078 1059015 281516 1064418 163157 357353 264158 978065 1066018 625109 816991 233123 741739 271012 451639 274234 1085203 3478 889255 718010 519157 1072650 317591 200392 316102 122200 420430 1074690 749795 866932 588083 205558 1080462 906562 256245 1050381 828338 651675 359193 826983 834924 293954 85225 599962 882302 519717 153302 787390 765114,centroid_00 centroid_02 centroid_03 centroid_06 centroid_07 centroid_08 centroid_09 centroid_11 centroid_12 centroid_18 centroid_19 centroid_20 centroid_23 centroid_24 centroid_25 centroid_27 centroid_30 centroid_31 centroid_34 centroid_35 centroid_36 centroid_37 centroid_38 centroid_40 centroid_41 centroid_42 centroid_43,27,3513
93,563340 1075394 434455 203044 761374 343974 108225 904575 462134 1127086 1101188 829445 185715 861789 1043111 475761 954522 895238 166370 840914 547121 767406 136042 302257 151998 945043 635153 343840 1167921 1017955 522886 792410 708053 142753 440975 273715 850756 358762 500869 32638 1017373 163801 800884 386679 265981 734329 1111212 1122631 298550 787172 1028175 659283 1035721 1095115 327112 351486 681869 550664 1062846 847377 330425 891176 344049 880767 177162 1034408 1138492 348924 729802 948051 998488 734146 920869 737730 148925 950347 997899 1103373 807424 661341 738075 662044 578796 409474 434523 986028 108368 1061697 818980 314052 293608 367356 863589 281082 678843 569866 901740 839277 438076 152726 726245 689287 129511 177002,centroid_00 centroid_05 centroid_06 centroid_08 centroid_09 centroid_11 centroid_14 centroid_15 centroid_16 centroid_17 centroid_19 centroid_23 centroid_24 centroid_25 centroid_26 centroid_29 centroid_30 centroid_31 centroid_32 centroid_33 centroid_35 centroid_36 centroid_37 centroid_39 centroid_41 centroid_45,26,3374
94,587223 920869 662292 217831 447360 18948 910762 267621 209189 947686 840594 35254 344538 46478 783877 1141097 533492 315045 983093 801411 163192 791815 81836 204987 880767 478928 879752 711853 261568 274305 882148 344721 970698 327362 943575 988082 114555 626139 1000883 495237 360189 610539 756739 907590 383981 1011242 1066969 139455 1095723 729457 739419 44790 364260 680344 720847 410603 763846 21126 1090140 212185 973391 1056466 608366 921089 326095 908940 5958 106036 1099279 102553 1138711 1008343 1010960 866932 21847 1010616 1164598 586878 242208 991997 771335 310347 826689 188678 801819 868264 991557 657855 790971 556701 733442 344374 189897 244406 1084138 794518 783986 727880 329359 42211 560873 288760 869559 404843,centroid_00 centroid_02 centroid_05 centroid_06 centroid_07 centroid_08 centroid_09 centroid_10 centroid_12 centroid_13 centroid_14 centroid_15 centroid_18 centroid_19 centroid_20 centroid_21 centroid_22 centroid_23 centroid_24 centroid_25 centroid_27 centroid_28 centroid_30 centroid_31 centroid_32 centroid_35 centroid_36 centroid_37 centroid_38 centroid_40 centroid_41 centroid_42 centroid_43 centroid_44 centroid_45,35,3965
95,857602 44748 704261 950768 431985 887669 31169 729007 702873 55640 1086431 706934 692859 542374 698622 59293 52411 659263 839556 1072995 519950 586150 902359 5185 249062 1165625 70673 942939 171052 1149284 118159 1082354 872302 162329 202 1160722 529529 434873 374109 764589 100632 607040 839496 110967 500744 1089380 933537 747766 178319 825347 515298 787935 318732 620970 1044690 138910 61640 1095115 695884 131487 115249 511823 165024 769 420430 641642 1077487 44865 558300 20502 892234 812896 198546 583519 105329 1162905 415790 387014 1037058 1098051 185043 209458 181063 41164 975566 982233 673448 701998 984466 1051827 99480 959331 989439 248303 7872 945242 1055656 664155 195911 329621 679328 551105 389439 178703,centroid_02 centroid_03 centroid_09 centroid_12 centroid_19 centroid_30 centroid_34 centroid_36 centroid_37 centroid_41 centroid_44 centroid_45,12,2523
96,934825 290871 864311 181558 319561 588788 153302 4931 168479 44865 959331 611129 130326 422367 231490 458351 55359 446067 1141255 574298 826758 1045167 1119318 1056924 1169686 1166614 1002458 924214 1048924 328440 785437 281168 522123 753991 232714 80303 645830 960994 1111007 911557 888556 816686 874241 777921 243737 353458 105991 534464 284287 553880 218646 615802 974411 932659 118758 16482 695867 1154540 1010189 969551 863668 644288 145911 473501 561051 223799 743651 523291 130273 15231 917292 852590 155281 506479 128966 273097 934112 1100601 860385 1149284 1112720 517911 309817 348105 641277 262276 1010369 846689 196164 457605 455380 659318 701998 230965 317625 154187 1028175 601016 156103 571089 323026 358749 1118374 299128,centroid_00 centroid_03 centroid_06 centroid_07 centroid_08 centroid_09 centroid_15 centroid_17 centroid_19 centroid_31 centroid_32 centroid_35 centroid_37 centroid_38 centroid_39 centroid_40 centroid_41 centroid_42 centroid_45,19,2971
97,1011234 364603 1182054 631651 409676 662081 335017 1148805 747649 1058682 204989 322145 39757 570407 653349 97572 977702 885889 351432 923816 657855 971936 360518 575475 224831 635546 1087584 1036363 421620 891999 1046277 848699 303845 796825 506260 499775 39279 1011660 38531 700004 500566 790816 314535 11553 207143 354882 393384 289448 164607 163908 998491 10472 307671 200142 1158655 167146 566514 776806 521456 857602 826336 879339 371808 740214 384991 461122 658673 542192 341407 581700 57208 991341 681632 1168073 713116 254504 90724 464227 79051 513911 554072 354372 24017 954549 213060 720775 916855 798526 1049812 1113701 588426 252413 9929 423938 432545 530460 796777 394908 1158501 383972 147079 213425 376606 563847,centroid_00 centroid_04 centroid_05 centroid_07 centroid_09 centroid_12 centroid_14 centroid_16 centroid_19 centroid_23 centroid_24 centroid_25 centroid_26 centroid_28 centroid_30 centroid_31 centroid_34 centroid_35 centroid_37 centroid_38 centroid_39 centroid_41 centroid_42 centroid_43 centroid_44 centroid_45,26,3434
98,285204 1169602 1120600 790496 382954 12970 973692 1103213 627678 333486 264584 1057932 349507 321148 290528 587964 788331 342812 706734 761384 182152 904759 729011 692859 249888 623915 979380 137470 642782 118159 161343 513262 259954 208921 292859 638082 117837 400097 1111281 61032 894984 397638 842887 348022 87882 549167 1002799 33443 399074 136913 362453 162152 846518 101590 374109 1107107 728200 550601 420430 551091 287794 535726 742725 393475 907947 231514 842122 44723 653232 941232 910008 58808 643566 163192 177971 216567 83279 569082 699745 706996 1115003 422367 21307 575769 1023392 206676 639270 1114059 825570 1088834 141756 1036616 476232 218295 933537 823007 126720 10006 715008 463307 273537 159968 1003380 344550,centroid_00 centroid_02 centroid_04 centroid_05 centroid_06 centroid_07 centroid_08 centroid_09 centroid_12 centroid_14 centroid_15 centroid_16 centroid_19 centroid_20 centroid_23 centroid_25 centroid_27 centroid_28 centroid_29 centroid_30 centroid_32 centroid_33 centroid_34 centroid_35 centroid_36 centroid_37 centroid_39 centroid_41 centroid_42 centroid_45,30,3690
99,1069657 807320 961326 625480 570407 772050 562797 763423 870776 4697 218380 787883 65393 321048 964085 973532 29110 266129 790451 1080805 432545 904085 1068162 536316 394818 1125822 151097 1095776 324263 970962 681246 307709 564380 643566 4931 316130 423938 1056924 99646 735033 819045 500566 593396 566273 535318 813893 396285 339150 83016 636529 360988 1019420 238026 1014024 760599 1071301 718415 832064 1021207 671134 541730 542273 1063776 31242 140080 814436 882115 415790 382702 24668 986068 258479 480577 46968 656205 239674 529439 138910 532098 683581 281168 466840 85662 580791 440803 1090134 314574 41164 1050474 1120716 838980 445020 517057 10882 812294 1082566 1063420 822896 1017982 408775 43685 110793 660262 1070616,centroid_02 centroid_03 centroid_06 centroid_09 centroid_19 centroid_28 centroid_34 centroid_36 centroid_41 centroid_44 centroid_45,11,2354
