dataset,partition_method,partition_seed,logical_shards,physical_hosts,logical_to_physical_rule,shard_id,physical_host_id,vector_count,shard_size_min,shard_size_max,shard_size_mean,shard_size_std,shard_size_coefficient_of_variation,max_size_over_mean,query_participation_count,query_participation_fraction
sift1m,kmeans,20260820,16,4,logical_shard_id modulo 4,0,0,57745,40145,92138,62500.0,14193.748778071282,0.2270999804491405,1.474208,1065,0.11833333333333333
sift1m,kmeans,20260820,16,4,logical_shard_id modulo 4,1,1,64265,40145,92138,62500.0,14193.748778071282,0.2270999804491405,1.474208,1163,0.1292222222222222
sift1m,kmeans,20260820,16,4,logical_shard_id modulo 4,2,2,72222,40145,92138,62500.0,14193.748778071282,0.2270999804491405,1.474208,1136,0.12622222222222224
sift1m,kmeans,20260820,16,4,logical_shard_id modulo 4,3,3,40145,40145,92138,62500.0,14193.748778071282,0.2270999804491405,1.474208,659,0.07322222222222222
sift1m,kmeans,20260820,16,4,logical_shard_id modulo 4,4,0,85336,40145,92138,62500.0,14193.748778071282,0.2270999804491405,1.474208,1629,0.181
sift1m,kmeans,20260820,16,4,logical_shard_id modulo 4,5,1,57867,40145,92138,62500.0,14193.748778071282,0.2270999804491405,1.474208,946,0.10511111111111111
sift1m,kmeans,20260820,16,4,logical_shard_id modulo 4,6,2,92138,40145,92138,62500.0,14193.748778071282,0.2270999804491405,1.474208,1820,0.20222222222222222
sift1m,kmeans,20260820,16,4,logical_shard_id modulo 4,7,3,48005,40145,92138,62500.0,14193.748778071282,0.2270999804491405,1.474208,947,0.10522222222222222
sift1m,kmeans,20260820,16,4,logical_shard_id modulo 4,8,0,51861,40145,92138,62500.0,14193.748778071282,0.2270999804491405,1.474208,897,0.09966666666666667
sift1m,kmeans,20260820,16,4,logical_shard_id modulo 4,9,1,53970,40145,92138,62500.0,14193.748778071282,0.2270999804491405,1.474208,859,0.09544444444444444
sift1m,kmeans,20260820,16,4,logical_shard_id modulo 4,10,2,53496,40145,92138,62500.0,14193.748778071282,0.2270999804491405,1.474208,805,0.08944444444444444
sift1m,kmeans,20260820,16,4,logical_shard_id modulo 4,11,3,59306,40145,92138,62500.0,14193.748778071282,0.2270999804491405,1.474208,877,0.09744444444444444
sift1m,kmeans,20260820,16,4,logical_shard_id modulo 4,12,0,54330,40145,92138,62500.0,14193.748778071282,0.2270999804491405,1.474208,954,0.106
sift1m,kmeans,20260820,16,4,logical_shard_id modulo 4,13,1,85504,40145,92138,62500.0,14193.748778071282,0.2270999804491405,1.474208,1496,0.16622222222222222
sift1m,kmeans,20260820,16,4,logical_shard_id modulo 4,14,2,68908,40145,92138,62500.0,14193.748778071282,0.2270999804491405,1.474208,1049,0.11655555555555555
sift1m,kmeans,20260820,16,4,logical_shard_id modulo 4,15,3,54902,40145,92138,62500.0,14193.748778071282,0.2270999804491405,1.474208,967,0.10744444444444444
sift1m,kmeans,20260820,2,4,logical_shard_id modulo 4,0,0,514178,485822,514178,500000.0,14178.0,0.028356,1.028356,4597,0.5107777777777778
sift1m,kmeans,20260820,2,4,logical_shard_id modulo 4,1,1,485822,485822,514178,500000.0,14178.0,0.028356,1.028356,4429,0.4921111111111111
sift1m,kmeans,20260820,32,4,logical_shard_id modulo 4,0,0,37380,11607,51413,31250.0,7252.033352791477,0.23206506728932727,1.645216,829,0.09211111111111112
sift1m,kmeans,20260820,32,4,logical_shard_id modulo 4,1,1,33954,11607,51413,31250.0,7252.033352791477,0.23206506728932727,1.645216,750,0.08333333333333333
sift1m,kmeans,20260820,32,4,logical_shard_id modulo 4,2,2,27010,11607,51413,31250.0,7252.033352791477,0.23206506728932727,1.645216,540,0.06
sift1m,kmeans,20260820,32,4,logical_shard_id modulo 4,3,3,22969,11607,51413,31250.0,7252.033352791477,0.23206506728932727,1.645216,446,0.049555555555555554
sift1m,kmeans,20260820,32,4,logical_shard_id modulo 4,4,0,43855,11607,51413,31250.0,7252.033352791477,0.23206506728932727,1.645216,1130,0.12555555555555556
sift1m,kmeans,20260820,32,4,logical_shard_id modulo 4,5,1,36659,11607,51413,31250.0,7252.033352791477,0.23206506728932727,1.645216,637,0.07077777777777777
sift1m,kmeans,20260820,32,4,logical_shard_id modulo 4,6,2,19025,11607,51413,31250.0,7252.033352791477,0.23206506728932727,1.645216,377,0.04188888888888889
sift1m,kmeans,20260820,32,4,logical_shard_id modulo 4,7,3,32276,11607,51413,31250.0,7252.033352791477,0.23206506728932727,1.645216,677,0.07522222222222222
sift1m,kmeans,20260820,32,4,logical_shard_id modulo 4,8,0,37539,11607,51413,31250.0,7252.033352791477,0.23206506728932727,1.645216,682,0.07577777777777778
sift1m,kmeans,20260820,32,4,logical_shard_id modulo 4,9,1,30513,11607,51413,31250.0,7252.033352791477,0.23206506728932727,1.645216,658,0.07311111111111111
sift1m,kmeans,20260820,32,4,logical_shard_id modulo 4,10,2,19889,11607,51413,31250.0,7252.033352791477,0.23206506728932727,1.645216,439,0.04877777777777778
sift1m,kmeans,20260820,32,4,logical_shard_id modulo 4,11,3,29167,11607,51413,31250.0,7252.033352791477,0.23206506728932727,1.645216,465,0.051666666666666666
sift1m,kmeans,20260820,32,4,logical_shard_id modulo 4,12,0,35549,11607,51413,31250.0,7252.033352791477,0.23206506728932727,1.645216,760,0.08444444444444445
sift1m,kmeans,20260820,32,4,logical_shard_id modulo 4,13,1,30023,11607,51413,31250.0,7252.033352791477,0.23206506728932727,1.645216,593,0.06588888888888889
sift1m,kmeans,20260820,32,4,logical_shard_id modulo 4,14,2,29281,11607,51413,31250.0,7252.033352791477,0.23206506728932727,1.645216,587,0.06522222222222222
sift1m,kmeans,20260820,32,4,logical_shard_id modulo 4,15,3,32494,11607,51413,31250.0,7252.033352791477,0.23206506728932727,1.645216,660,0.07333333333333333
sift1m,kmeans,20260820,32,4,logical_shard_id modulo 4,16,0,30382,11607,51413,31250.0,7252.033352791477,0.23206506728932727,1.645216,634,0.07044444444444445
sift1m,kmeans,20260820,32,4,logical_shard_id modulo 4,17,1,31740,11607,51413,31250.0,7252.033352791477,0.23206506728932727,1.645216,537,0.059666666666666666
sift1m,kmeans,20260820,32,4,logical_shard_id modulo 4,18,2,39075,11607,51413,31250.0,7252.033352791477,0.23206506728932727,1.645216,704,0.07822222222222222
sift1m,kmeans,20260820,32,4,logical_shard_id modulo 4,19,3,35999,11607,51413,31250.0,7252.033352791477,0.23206506728932727,1.645216,716,0.07955555555555556
sift1m,kmeans,20260820,32,4,logical_shard_id modulo 4,20,0,35879,11607,51413,31250.0,7252.033352791477,0.23206506728932727,1.645216,856,0.0951111111111111
sift1m,kmeans,20260820,32,4,logical_shard_id modulo 4,21,1,24785,11607,51413,31250.0,7252.033352791477,0.23206506728932727,1.645216,446,0.049555555555555554
sift1m,kmeans,20260820,32,4,logical_shard_id modulo 4,22,2,29362,11607,51413,31250.0,7252.033352791477,0.23206506728932727,1.645216,553,0.06144444444444445
sift1m,kmeans,20260820,32,4,logical_shard_id modulo 4,23,3,51413,11607,51413,31250.0,7252.033352791477,0.23206506728932727,1.645216,1378,0.15311111111111111
sift1m,kmeans,20260820,32,4,logical_shard_id modulo 4,24,0,11607,11607,51413,31250.0,7252.033352791477,0.23206506728932727,1.645216,131,0.014555555555555556
sift1m,kmeans,20260820,32,4,logical_shard_id modulo 4,25,1,32051,11607,51413,31250.0,7252.033352791477,0.23206506728932727,1.645216,707,0.07855555555555556
sift1m,kmeans,20260820,32,4,logical_shard_id modulo 4,26,2,33798,11607,51413,31250.0,7252.033352791477,0.23206506728932727,1.645216,778,0.08644444444444445
sift1m,kmeans,20260820,32,4,logical_shard_id modulo 4,27,3,26500,11607,51413,31250.0,7252.033352791477,0.23206506728932727,1.645216,574,0.06377777777777778
sift1m,kmeans,20260820,32,4,logical_shard_id modulo 4,28,0,30241,11607,51413,31250.0,7252.033352791477,0.23206506728932727,1.645216,554,0.06155555555555556
sift1m,kmeans,20260820,32,4,logical_shard_id modulo 4,29,1,25755,11607,51413,31250.0,7252.033352791477,0.23206506728932727,1.645216,498,0.05533333333333333
sift1m,kmeans,20260820,32,4,logical_shard_id modulo 4,30,2,29892,11607,51413,31250.0,7252.033352791477,0.23206506728932727,1.645216,675,0.075
sift1m,kmeans,20260820,32,4,logical_shard_id modulo 4,31,3,33938,11607,51413,31250.0,7252.033352791477,0.23206506728932727,1.645216,779,0.08655555555555555
sift1m,kmeans,20260820,4,4,logical_shard_id modulo 4,0,0,513838,138144,513838,250000.0,153947.29147828487,0.6157891659131395,2.055352,4589,0.5098888888888888
sift1m,kmeans,20260820,4,4,logical_shard_id modulo 4,1,1,138144,138144,513838,250000.0,153947.29147828487,0.6157891659131395,2.055352,1916,0.21288888888888888
sift1m,kmeans,20260820,4,4,logical_shard_id modulo 4,2,2,197753,138144,513838,250000.0,153947.29147828487,0.6157891659131395,2.055352,2416,0.26844444444444443
sift1m,kmeans,20260820,4,4,logical_shard_id modulo 4,3,3,150265,138144,513838,250000.0,153947.29147828487,0.6157891659131395,2.055352,2085,0.23166666666666666
sift1m,kmeans,20260820,8,4,logical_shard_id modulo 4,0,0,223116,75637,223116,125000.0,44115.6951577327,0.3529255612618616,1.784928,2810,0.31222222222222223
sift1m,kmeans,20260820,8,4,logical_shard_id modulo 4,1,1,104587,75637,223116,125000.0,44115.6951577327,0.3529255612618616,1.784928,1805,0.20055555555555554
sift1m,kmeans,20260820,8,4,logical_shard_id modulo 4,2,2,112062,75637,223116,125000.0,44115.6951577327,0.3529255612618616,1.784928,1524,0.16933333333333334
sift1m,kmeans,20260820,8,4,logical_shard_id modulo 4,3,3,75637,75637,223116,125000.0,44115.6951577327,0.3529255612618616,1.784928,1179,0.131
sift1m,kmeans,20260820,8,4,logical_shard_id modulo 4,4,0,110826,75637,223116,125000.0,44115.6951577327,0.3529255612618616,1.784928,1780,0.19777777777777777
sift1m,kmeans,20260820,8,4,logical_shard_id modulo 4,5,1,137504,75637,223116,125000.0,44115.6951577327,0.3529255612618616,1.784928,1797,0.19966666666666666
sift1m,kmeans,20260820,8,4,logical_shard_id modulo 4,6,2,153280,75637,223116,125000.0,44115.6951577327,0.3529255612618616,1.784928,1896,0.21066666666666667
sift1m,kmeans,20260820,8,4,logical_shard_id modulo 4,7,3,82988,75637,223116,125000.0,44115.6951577327,0.3529255612618616,1.784928,1276,0.14177777777777778
sift1m,orion,1,16,4,logical_shard_id modulo 4,0,0,15535,14708,195026,62500.0,49431.15951249778,0.7908985521999645,3.120416,367,0.04077777777777778
sift1m,orion,1,16,4,logical_shard_id modulo 4,1,1,33313,14708,195026,62500.0,49431.15951249778,0.7908985521999645,3.120416,755,0.08388888888888889
sift1m,orion,1,16,4,logical_shard_id modulo 4,2,2,28409,14708,195026,62500.0,49431.15951249778,0.7908985521999645,3.120416,578,0.06422222222222222
sift1m,orion,1,16,4,logical_shard_id modulo 4,3,3,14708,14708,195026,62500.0,49431.15951249778,0.7908985521999645,3.120416,383,0.042555555555555555
sift1m,orion,1,16,4,logical_shard_id modulo 4,4,0,26739,14708,195026,62500.0,49431.15951249778,0.7908985521999645,3.120416,546,0.06066666666666667
sift1m,orion,1,16,4,logical_shard_id modulo 4,5,1,195026,14708,195026,62500.0,49431.15951249778,0.7908985521999645,3.120416,2809,0.3121111111111111
sift1m,orion,1,16,4,logical_shard_id modulo 4,6,2,58400,14708,195026,62500.0,49431.15951249778,0.7908985521999645,3.120416,1308,0.14533333333333334
sift1m,orion,1,16,4,logical_shard_id modulo 4,7,3,95354,14708,195026,62500.0,49431.15951249778,0.7908985521999645,3.120416,1576,0.1751111111111111
sift1m,orion,1,16,4,logical_shard_id modulo 4,8,0,26999,14708,195026,62500.0,49431.15951249778,0.7908985521999645,3.120416,526,0.058444444444444445
sift1m,orion,1,16,4,logical_shard_id modulo 4,9,1,50178,14708,195026,62500.0,49431.15951249778,0.7908985521999645,3.120416,1181,0.1312222222222222
sift1m,orion,1,16,4,logical_shard_id modulo 4,10,2,73478,14708,195026,62500.0,49431.15951249778,0.7908985521999645,3.120416,1270,0.1411111111111111
sift1m,orion,1,16,4,logical_shard_id modulo 4,11,3,27368,14708,195026,62500.0,49431.15951249778,0.7908985521999645,3.120416,728,0.08088888888888889
sift1m,orion,1,16,4,logical_shard_id modulo 4,12,0,137129,14708,195026,62500.0,49431.15951249778,0.7908985521999645,3.120416,2302,0.25577777777777777
sift1m,orion,1,16,4,logical_shard_id modulo 4,13,1,97067,14708,195026,62500.0,49431.15951249778,0.7908985521999645,3.120416,1492,0.16577777777777777
sift1m,orion,1,16,4,logical_shard_id modulo 4,14,2,20711,14708,195026,62500.0,49431.15951249778,0.7908985521999645,3.120416,563,0.06255555555555556
sift1m,orion,1,16,4,logical_shard_id modulo 4,15,3,99586,14708,195026,62500.0,49431.15951249778,0.7908985521999645,3.120416,1571,0.17455555555555555
sift1m,orion,1,2,4,logical_shard_id modulo 4,0,0,485708,485708,514292,500000.0,14292.0,0.028584,1.028584,4419,0.491
sift1m,orion,1,2,4,logical_shard_id modulo 4,1,1,514292,485708,514292,500000.0,14292.0,0.028584,1.028584,4587,0.5096666666666667
sift1m,orion,1,32,4,logical_shard_id modulo 4,0,0,11144,5213,154055,31250.0,32067.49485460316,1.0261598353473012,4.92976,324,0.036
sift1m,orion,1,32,4,logical_shard_id modulo 4,1,1,25370,5213,154055,31250.0,32067.49485460316,1.0261598353473012,4.92976,635,0.07055555555555555
sift1m,orion,1,32,4,logical_shard_id modulo 4,2,2,13429,5213,154055,31250.0,32067.49485460316,1.0261598353473012,4.92976,446,0.049555555555555554
sift1m,orion,1,32,4,logical_shard_id modulo 4,3,3,17375,5213,154055,31250.0,32067.49485460316,1.0261598353473012,4.92976,377,0.04188888888888889
sift1m,orion,1,32,4,logical_shard_id modulo 4,4,0,11746,5213,154055,31250.0,32067.49485460316,1.0261598353473012,4.92976,139,0.015444444444444445
sift1m,orion,1,32,4,logical_shard_id modulo 4,5,1,40473,5213,154055,31250.0,32067.49485460316,1.0261598353473012,4.92976,1017,0.113
sift1m,orion,1,32,4,logical_shard_id modulo 4,6,2,18953,5213,154055,31250.0,32067.49485460316,1.0261598353473012,4.92976,500,0.05555555555555555
sift1m,orion,1,32,4,logical_shard_id modulo 4,7,3,63757,5213,154055,31250.0,32067.49485460316,1.0261598353473012,4.92976,1188,0.132
sift1m,orion,1,32,4,logical_shard_id modulo 4,8,0,20917,5213,154055,31250.0,32067.49485460316,1.0261598353473012,4.92976,493,0.05477777777777778
sift1m,orion,1,32,4,logical_shard_id modulo 4,9,1,6885,5213,154055,31250.0,32067.49485460316,1.0261598353473012,4.92976,178,0.019777777777777776
sift1m,orion,1,32,4,logical_shard_id modulo 4,10,2,5955,5213,154055,31250.0,32067.49485460316,1.0261598353473012,4.92976,192,0.021333333333333333
sift1m,orion,1,32,4,logical_shard_id modulo 4,11,3,14070,5213,154055,31250.0,32067.49485460316,1.0261598353473012,4.92976,393,0.043666666666666666
sift1m,orion,1,32,4,logical_shard_id modulo 4,12,0,32582,5213,154055,31250.0,32067.49485460316,1.0261598353473012,4.92976,880,0.09777777777777778
sift1m,orion,1,32,4,logical_shard_id modulo 4,13,1,60810,5213,154055,31250.0,32067.49485460316,1.0261598353473012,4.92976,1120,0.12444444444444444
sift1m,orion,1,32,4,logical_shard_id modulo 4,14,2,6157,5213,154055,31250.0,32067.49485460316,1.0261598353473012,4.92976,208,0.02311111111111111
sift1m,orion,1,32,4,logical_shard_id modulo 4,15,3,65694,5213,154055,31250.0,32067.49485460316,1.0261598353473012,4.92976,1203,0.13366666666666666
sift1m,orion,1,32,4,logical_shard_id modulo 4,16,0,18487,5213,154055,31250.0,32067.49485460316,1.0261598353473012,4.92976,594,0.066
sift1m,orion,1,32,4,logical_shard_id modulo 4,17,1,5213,5213,154055,31250.0,32067.49485460316,1.0261598353473012,4.92976,173,0.019222222222222224
sift1m,orion,1,32,4,logical_shard_id modulo 4,18,2,33911,5213,154055,31250.0,32067.49485460316,1.0261598353473012,4.92976,857,0.09522222222222222
sift1m,orion,1,32,4,logical_shard_id modulo 4,19,3,16920,5213,154055,31250.0,32067.49485460316,1.0261598353473012,4.92976,578,0.06422222222222222
sift1m,orion,1,32,4,logical_shard_id modulo 4,20,0,52353,5213,154055,31250.0,32067.49485460316,1.0261598353473012,4.92976,1263,0.14033333333333334
sift1m,orion,1,32,4,logical_shard_id modulo 4,21,1,154055,5213,154055,31250.0,32067.49485460316,1.0261598353473012,4.92976,2598,0.2886666666666667
sift1m,orion,1,32,4,logical_shard_id modulo 4,22,2,112624,5213,154055,31250.0,32067.49485460316,1.0261598353473012,4.92976,2129,0.23655555555555555
sift1m,orion,1,32,4,logical_shard_id modulo 4,23,3,23394,5213,154055,31250.0,32067.49485460316,1.0261598353473012,4.92976,504,0.056
sift1m,orion,1,32,4,logical_shard_id modulo 4,24,0,6193,5213,154055,31250.0,32067.49485460316,1.0261598353473012,4.92976,198,0.022
sift1m,orion,1,32,4,logical_shard_id modulo 4,25,1,9080,5213,154055,31250.0,32067.49485460316,1.0261598353473012,4.92976,256,0.028444444444444446
sift1m,orion,1,32,4,logical_shard_id modulo 4,26,2,10456,5213,154055,31250.0,32067.49485460316,1.0261598353473012,4.92976,318,0.035333333333333335
sift1m,orion,1,32,4,logical_shard_id modulo 4,27,3,46162,5213,154055,31250.0,32067.49485460316,1.0261598353473012,4.92976,882,0.098
sift1m,orion,1,32,4,logical_shard_id modulo 4,28,0,27987,5213,154055,31250.0,32067.49485460316,1.0261598353473012,4.92976,792,0.088
sift1m,orion,1,32,4,logical_shard_id modulo 4,29,1,19054,5213,154055,31250.0,32067.49485460316,1.0261598353473012,4.92976,432,0.048
sift1m,orion,1,32,4,logical_shard_id modulo 4,30,2,42652,5213,154055,31250.0,32067.49485460316,1.0261598353473012,4.92976,1042,0.11577777777777777
sift1m,orion,1,32,4,logical_shard_id modulo 4,31,3,6142,5213,154055,31250.0,32067.49485460316,1.0261598353473012,4.92976,256,0.028444444444444446
sift1m,orion,1,4,4,logical_shard_id modulo 4,0,0,170716,159042,381623,250000.0,91344.61082899198,0.3653784433159679,1.526492,2563,0.2847777777777778
sift1m,orion,1,4,4,logical_shard_id modulo 4,1,1,288619,159042,381623,250000.0,91344.61082899198,0.3653784433159679,1.526492,4493,0.49922222222222223
sift1m,orion,1,4,4,logical_shard_id modulo 4,2,2,381623,159042,381623,250000.0,91344.61082899198,0.3653784433159679,1.526492,4080,0.4533333333333333
sift1m,orion,1,4,4,logical_shard_id modulo 4,3,3,159042,159042,381623,250000.0,91344.61082899198,0.3653784433159679,1.526492,2267,0.2518888888888889
sift1m,orion,1,8,4,logical_shard_id modulo 4,0,0,41698,41698,219247,125000.0,71866.68509817327,0.5749334807853862,1.753976,974,0.10822222222222222
sift1m,orion,1,8,4,logical_shard_id modulo 4,1,1,56007,41698,219247,125000.0,71866.68509817327,0.5749334807853862,1.753976,1187,0.1318888888888889
sift1m,orion,1,8,4,logical_shard_id modulo 4,2,2,219247,41698,219247,125000.0,71866.68509817327,0.5749334807853862,1.753976,2833,0.31477777777777777
sift1m,orion,1,8,4,logical_shard_id modulo 4,3,3,85890,41698,219247,125000.0,71866.68509817327,0.5749334807853862,1.753976,1364,0.15155555555555555
sift1m,orion,1,8,4,logical_shard_id modulo 4,4,0,60917,41698,219247,125000.0,71866.68509817327,0.5749334807853862,1.753976,1422,0.158
sift1m,orion,1,8,4,logical_shard_id modulo 4,5,1,203814,41698,219247,125000.0,71866.68509817327,0.5749334807853862,1.753976,2863,0.3181111111111111
sift1m,orion,1,8,4,logical_shard_id modulo 4,6,2,113812,41698,219247,125000.0,71866.68509817327,0.5749334807853862,1.753976,1737,0.193
sift1m,orion,1,8,4,logical_shard_id modulo 4,7,3,218615,41698,219247,125000.0,71866.68509817327,0.5749334807853862,1.753976,2887,0.3207777777777778
sift1m,orion_no_refinement,1,16,4,logical_shard_id modulo 4,0,0,44866,35843,93751,62500.0,19274.65069722406,0.30839441115558497,1.500016,897,0.09966666666666667
sift1m,orion_no_refinement,1,16,4,logical_shard_id modulo 4,1,1,55931,35843,93751,62500.0,19274.65069722406,0.30839441115558497,1.500016,1262,0.14022222222222222
sift1m,orion_no_refinement,1,16,4,logical_shard_id modulo 4,2,2,40820,35843,93751,62500.0,19274.65069722406,0.30839441115558497,1.500016,779,0.08655555555555555
sift1m,orion_no_refinement,1,16,4,logical_shard_id modulo 4,3,3,35843,35843,93751,62500.0,19274.65069722406,0.30839441115558497,1.500016,810,0.09
sift1m,orion_no_refinement,1,16,4,logical_shard_id modulo 4,4,0,64746,35843,93751,62500.0,19274.65069722406,0.30839441115558497,1.500016,1192,0.13244444444444445
sift1m,orion_no_refinement,1,16,4,logical_shard_id modulo 4,5,1,93751,35843,93751,62500.0,19274.65069722406,0.30839441115558497,1.500016,2144,0.23822222222222222
sift1m,orion_no_refinement,1,16,4,logical_shard_id modulo 4,6,2,76315,35843,93751,62500.0,19274.65069722406,0.30839441115558497,1.500016,1647,0.183
sift1m,orion_no_refinement,1,16,4,logical_shard_id modulo 4,7,3,78290,35843,93751,62500.0,19274.65069722406,0.30839441115558497,1.500016,1383,0.15366666666666667
sift1m,orion_no_refinement,1,16,4,logical_shard_id modulo 4,8,0,40924,35843,93751,62500.0,19274.65069722406,0.30839441115558497,1.500016,723,0.08033333333333334
sift1m,orion_no_refinement,1,16,4,logical_shard_id modulo 4,9,1,58297,35843,93751,62500.0,19274.65069722406,0.30839441115558497,1.500016,1279,0.1421111111111111
sift1m,orion_no_refinement,1,16,4,logical_shard_id modulo 4,10,2,58078,35843,93751,62500.0,19274.65069722406,0.30839441115558497,1.500016,1136,0.12622222222222224
sift1m,orion_no_refinement,1,16,4,logical_shard_id modulo 4,11,3,48462,35843,93751,62500.0,19274.65069722406,0.30839441115558497,1.500016,1121,0.12455555555555556
sift1m,orion_no_refinement,1,16,4,logical_shard_id modulo 4,12,0,93751,35843,93751,62500.0,19274.65069722406,0.30839441115558497,1.500016,1929,0.21433333333333332
sift1m,orion_no_refinement,1,16,4,logical_shard_id modulo 4,13,1,84797,35843,93751,62500.0,19274.65069722406,0.30839441115558497,1.500016,1375,0.1527777777777778
sift1m,orion_no_refinement,1,16,4,logical_shard_id modulo 4,14,2,42390,35843,93751,62500.0,19274.65069722406,0.30839441115558497,1.500016,972,0.108
sift1m,orion_no_refinement,1,16,4,logical_shard_id modulo 4,15,3,82739,35843,93751,62500.0,19274.65069722406,0.30839441115558497,1.500016,1420,0.15777777777777777
sift1m,orion_no_refinement,1,2,4,logical_shard_id modulo 4,0,0,485673,485673,514327,500000.0,14327.0,0.028654,1.028654,4420,0.4911111111111111
sift1m,orion_no_refinement,1,2,4,logical_shard_id modulo 4,1,1,514327,485673,514327,500000.0,14327.0,0.028654,1.028654,4594,0.5104444444444445
sift1m,orion_no_refinement,1,32,4,logical_shard_id modulo 4,0,0,41507,12095,46876,31250.0,11411.421408505603,0.3651654850721793,1.500032,875,0.09722222222222222
sift1m,orion_no_refinement,1,32,4,logical_shard_id modulo 4,1,1,38151,12095,46876,31250.0,11411.421408505603,0.3651654850721793,1.500032,921,0.10233333333333333
sift1m,orion_no_refinement,1,32,4,logical_shard_id modulo 4,2,2,21085,12095,46876,31250.0,11411.421408505603,0.3651654850721793,1.500032,572,0.06355555555555556
sift1m,orion_no_refinement,1,32,4,logical_shard_id modulo 4,3,3,24086,12095,46876,31250.0,11411.421408505603,0.3651654850721793,1.500032,499,0.05544444444444444
sift1m,orion_no_refinement,1,32,4,logical_shard_id modulo 4,4,0,12095,12095,46876,31250.0,11411.421408505603,0.3651654850721793,1.500032,155,0.017222222222222222
sift1m,orion_no_refinement,1,32,4,logical_shard_id modulo 4,5,1,46876,12095,46876,31250.0,11411.421408505603,0.3651654850721793,1.500032,1193,0.13255555555555557
sift1m,orion_no_refinement,1,32,4,logical_shard_id modulo 4,6,2,35426,12095,46876,31250.0,11411.421408505603,0.3651654850721793,1.500032,846,0.094
sift1m,orion_no_refinement,1,32,4,logical_shard_id modulo 4,7,3,41866,12095,46876,31250.0,11411.421408505603,0.3651654850721793,1.500032,874,0.0971111111111111
sift1m,orion_no_refinement,1,32,4,logical_shard_id modulo 4,8,0,23901,12095,46876,31250.0,11411.421408505603,0.3651654850721793,1.500032,539,0.05988888888888889
sift1m,orion_no_refinement,1,32,4,logical_shard_id modulo 4,9,1,12474,12095,46876,31250.0,11411.421408505603,0.3651654850721793,1.500032,305,0.03388888888888889
sift1m,orion_no_refinement,1,32,4,logical_shard_id modulo 4,10,2,26970,12095,46876,31250.0,11411.421408505603,0.3651654850721793,1.500032,729,0.081
sift1m,orion_no_refinement,1,32,4,logical_shard_id modulo 4,11,3,18559,12095,46876,31250.0,11411.421408505603,0.3651654850721793,1.500032,520,0.057777777777777775
sift1m,orion_no_refinement,1,32,4,logical_shard_id modulo 4,12,0,35254,12095,46876,31250.0,11411.421408505603,0.3651654850721793,1.500032,931,0.10344444444444445
sift1m,orion_no_refinement,1,32,4,logical_shard_id modulo 4,13,1,46875,12095,46876,31250.0,11411.421408505603,0.3651654850721793,1.500032,946,0.10511111111111111
sift1m,orion_no_refinement,1,32,4,logical_shard_id modulo 4,14,2,17829,12095,46876,31250.0,11411.421408505603,0.3651654850721793,1.500032,537,0.059666666666666666
sift1m,orion_no_refinement,1,32,4,logical_shard_id modulo 4,15,3,46876,12095,46876,31250.0,11411.421408505603,0.3651654850721793,1.500032,935,0.10388888888888889
sift1m,orion_no_refinement,1,32,4,logical_shard_id modulo 4,16,0,32051,12095,46876,31250.0,11411.421408505603,0.3651654850721793,1.500032,904,0.10044444444444445
sift1m,orion_no_refinement,1,32,4,logical_shard_id modulo 4,17,1,16354,12095,46876,31250.0,11411.421408505603,0.3651654850721793,1.500032,509,0.05655555555555555
sift1m,orion_no_refinement,1,32,4,logical_shard_id modulo 4,18,2,34343,12095,46876,31250.0,11411.421408505603,0.3651654850721793,1.500032,881,0.09788888888888889
sift1m,orion_no_refinement,1,32,4,logical_shard_id modulo 4,19,3,46876,12095,46876,31250.0,11411.421408505603,0.3651654850721793,1.500032,1314,0.146
sift1m,orion_no_refinement,1,32,4,logical_shard_id modulo 4,20,0,46876,12095,46876,31250.0,11411.421408505603,0.3651654850721793,1.500032,1338,0.14866666666666667
sift1m,orion_no_refinement,1,32,4,logical_shard_id modulo 4,21,1,46876,12095,46876,31250.0,11411.421408505603,0.3651654850721793,1.500032,1487,0.16522222222222221
sift1m,orion_no_refinement,1,32,4,logical_shard_id modulo 4,22,2,46876,12095,46876,31250.0,11411.421408505603,0.3651654850721793,1.500032,1396,0.15511111111111112
sift1m,orion_no_refinement,1,32,4,logical_shard_id modulo 4,23,3,26221,12095,46876,31250.0,11411.421408505603,0.3651654850721793,1.500032,548,0.06088888888888889
sift1m,orion_no_refinement,1,32,4,logical_shard_id modulo 4,24,0,18149,12095,46876,31250.0,11411.421408505603,0.3651654850721793,1.500032,509,0.05655555555555555
sift1m,orion_no_refinement,1,32,4,logical_shard_id modulo 4,25,1,15659,12095,46876,31250.0,11411.421408505603,0.3651654850721793,1.500032,445,0.049444444444444444
sift1m,orion_no_refinement,1,32,4,logical_shard_id modulo 4,26,2,21725,12095,46876,31250.0,11411.421408505603,0.3651654850721793,1.500032,554,0.06155555555555556
sift1m,orion_no_refinement,1,32,4,logical_shard_id modulo 4,27,3,31266,12095,46876,31250.0,11411.421408505603,0.3651654850721793,1.500032,646,0.07177777777777777
sift1m,orion_no_refinement,1,32,4,logical_shard_id modulo 4,28,0,26924,12095,46876,31250.0,11411.421408505603,0.3651654850721793,1.500032,746,0.08288888888888889
sift1m,orion_no_refinement,1,32,4,logical_shard_id modulo 4,29,1,36048,12095,46876,31250.0,11411.421408505603,0.3651654850721793,1.500032,770,0.08555555555555555
sift1m,orion_no_refinement,1,32,4,logical_shard_id modulo 4,30,2,37694,12095,46876,31250.0,11411.421408505603,0.3651654850721793,1.500032,944,0.10488888888888889
sift1m,orion_no_refinement,1,32,4,logical_shard_id modulo 4,31,3,26232,12095,46876,31250.0,11411.421408505603,0.3651654850721793,1.500032,829,0.09211111111111112
sift1m,orion_no_refinement,1,4,4,logical_shard_id modulo 4,0,0,185461,176374,375001,250000.0,79662.7442629238,0.3186509770516952,1.500004,2999,0.3332222222222222
sift1m,orion_no_refinement,1,4,4,logical_shard_id modulo 4,1,1,263164,176374,375001,250000.0,79662.7442629238,0.3186509770516952,1.500004,4331,0.4812222222222222
sift1m,orion_no_refinement,1,4,4,logical_shard_id modulo 4,2,2,375001,176374,375001,250000.0,79662.7442629238,0.3186509770516952,1.500004,4205,0.4672222222222222
sift1m,orion_no_refinement,1,4,4,logical_shard_id modulo 4,3,3,176374,176374,375001,250000.0,79662.7442629238,0.3186509770516952,1.500004,2735,0.3038888888888889
sift1m,orion_no_refinement,1,8,4,logical_shard_id modulo 4,0,0,70152,70152,187501,125000.0,44317.36463565946,0.3545389170852757,1.500008,1476,0.164
sift1m,orion_no_refinement,1,8,4,logical_shard_id modulo 4,1,1,93394,70152,187501,125000.0,44317.36463565946,0.3545389170852757,1.500008,1844,0.2048888888888889
sift1m,orion_no_refinement,1,8,4,logical_shard_id modulo 4,2,2,187501,70152,187501,125000.0,44317.36463565946,0.3545389170852757,1.500008,2703,0.30033333333333334
sift1m,orion_no_refinement,1,8,4,logical_shard_id modulo 4,3,3,71051,70152,187501,125000.0,44317.36463565946,0.3545389170852757,1.500008,1207,0.1341111111111111
sift1m,orion_no_refinement,1,8,4,logical_shard_id modulo 4,4,0,147493,70152,187501,125000.0,44317.36463565946,0.3545389170852757,1.500008,2992,0.33244444444444443
sift1m,orion_no_refinement,1,8,4,logical_shard_id modulo 4,5,1,136465,70152,187501,125000.0,44317.36463565946,0.3545389170852757,1.500008,2504,0.2782222222222222
sift1m,orion_no_refinement,1,8,4,logical_shard_id modulo 4,6,2,106443,70152,187501,125000.0,44317.36463565946,0.3545389170852757,1.500008,1680,0.18666666666666668
sift1m,orion_no_refinement,1,8,4,logical_shard_id modulo 4,7,3,187501,70152,187501,125000.0,44317.36463565946,0.3545389170852757,1.500008,2773,0.3081111111111111
sift1m,random,20260820,16,4,logical_shard_id modulo 4,0,0,62901,62060,62901,62500.0,215.0499941873982,0.003440799906998371,1.006416,4280,0.47555555555555556
sift1m,random,20260820,16,4,logical_shard_id modulo 4,1,1,62586,62060,62901,62500.0,215.0499941873982,0.003440799906998371,1.006416,4325,0.48055555555555557
sift1m,random,20260820,16,4,logical_shard_id modulo 4,2,2,62060,62060,62901,62500.0,215.0499941873982,0.003440799906998371,1.006416,4189,0.46544444444444444
sift1m,random,20260820,16,4,logical_shard_id modulo 4,3,3,62495,62060,62901,62500.0,215.0499941873982,0.003440799906998371,1.006416,4310,0.47888888888888886
sift1m,random,20260820,16,4,logical_shard_id modulo 4,4,0,62770,62060,62901,62500.0,215.0499941873982,0.003440799906998371,1.006416,4184,0.4648888888888889
sift1m,random,20260820,16,4,logical_shard_id modulo 4,5,1,62757,62060,62901,62500.0,215.0499941873982,0.003440799906998371,1.006416,4247,0.4718888888888889
sift1m,random,20260820,16,4,logical_shard_id modulo 4,6,2,62684,62060,62901,62500.0,215.0499941873982,0.003440799906998371,1.006416,4264,0.4737777777777778
sift1m,random,20260820,16,4,logical_shard_id modulo 4,7,3,62263,62060,62901,62500.0,215.0499941873982,0.003440799906998371,1.006416,4229,0.4698888888888889
sift1m,random,20260820,16,4,logical_shard_id modulo 4,8,0,62412,62060,62901,62500.0,215.0499941873982,0.003440799906998371,1.006416,4214,0.4682222222222222
sift1m,random,20260820,16,4,logical_shard_id modulo 4,9,1,62535,62060,62901,62500.0,215.0499941873982,0.003440799906998371,1.006416,4373,0.48588888888888887
sift1m,random,20260820,16,4,logical_shard_id modulo 4,10,2,62583,62060,62901,62500.0,215.0499941873982,0.003440799906998371,1.006416,4314,0.47933333333333333
sift1m,random,20260820,16,4,logical_shard_id modulo 4,11,3,62404,62060,62901,62500.0,215.0499941873982,0.003440799906998371,1.006416,4300,0.4777777777777778
sift1m,random,20260820,16,4,logical_shard_id modulo 4,12,0,62276,62060,62901,62500.0,215.0499941873982,0.003440799906998371,1.006416,4348,0.4831111111111111
sift1m,random,20260820,16,4,logical_shard_id modulo 4,13,1,62260,62060,62901,62500.0,215.0499941873982,0.003440799906998371,1.006416,4219,0.4687777777777778
sift1m,random,20260820,16,4,logical_shard_id modulo 4,14,2,62417,62060,62901,62500.0,215.0499941873982,0.003440799906998371,1.006416,4314,0.47933333333333333
sift1m,random,20260820,16,4,logical_shard_id modulo 4,15,3,62597,62060,62901,62500.0,215.0499941873982,0.003440799906998371,1.006416,4237,0.4707777777777778
sift1m,random,20260820,2,4,logical_shard_id modulo 4,0,0,500516,499484,500516,500000.0,516.0,0.001032,1.001032,8988,0.9986666666666667
sift1m,random,20260820,2,4,logical_shard_id modulo 4,1,1,499484,499484,500516,500000.0,516.0,0.001032,1.001032,8995,0.9994444444444445
sift1m,random,20260820,32,4,logical_shard_id modulo 4,0,0,31639,30937,31639,31250.0,157.77555260559222,0.005048817683378951,1.012448,2460,0.2733333333333333
sift1m,random,20260820,32,4,logical_shard_id modulo 4,1,1,31262,30937,31639,31250.0,157.77555260559222,0.005048817683378951,1.012448,2441,0.2712222222222222
sift1m,random,20260820,32,4,logical_shard_id modulo 4,2,2,31306,30937,31639,31250.0,157.77555260559222,0.005048817683378951,1.012448,2455,0.2727777777777778
sift1m,random,20260820,32,4,logical_shard_id modulo 4,3,3,31280,30937,31639,31250.0,157.77555260559222,0.005048817683378951,1.012448,2531,0.2812222222222222
sift1m,random,20260820,32,4,logical_shard_id modulo 4,4,0,30946,30937,31639,31250.0,157.77555260559222,0.005048817683378951,1.012448,2381,0.26455555555555554
sift1m,random,20260820,32,4,logical_shard_id modulo 4,5,1,31114,30937,31639,31250.0,157.77555260559222,0.005048817683378951,1.012448,2436,0.27066666666666667
sift1m,random,20260820,32,4,logical_shard_id modulo 4,6,2,31262,30937,31639,31250.0,157.77555260559222,0.005048817683378951,1.012448,2540,0.2822222222222222
sift1m,random,20260820,32,4,logical_shard_id modulo 4,7,3,31233,30937,31639,31250.0,157.77555260559222,0.005048817683378951,1.012448,2422,0.26911111111111113
sift1m,random,20260820,32,4,logical_shard_id modulo 4,8,0,31449,30937,31639,31250.0,157.77555260559222,0.005048817683378951,1.012448,2397,0.2663333333333333
sift1m,random,20260820,32,4,logical_shard_id modulo 4,9,1,31321,30937,31639,31250.0,157.77555260559222,0.005048817683378951,1.012448,2369,0.26322222222222225
sift1m,random,20260820,32,4,logical_shard_id modulo 4,10,2,31451,30937,31639,31250.0,157.77555260559222,0.005048817683378951,1.012448,2381,0.26455555555555554
sift1m,random,20260820,32,4,logical_shard_id modulo 4,11,3,31306,30937,31639,31250.0,157.77555260559222,0.005048817683378951,1.012448,2440,0.27111111111111114
sift1m,random,20260820,32,4,logical_shard_id modulo 4,12,0,31243,30937,31639,31250.0,157.77555260559222,0.005048817683378951,1.012448,2447,0.2718888888888889
sift1m,random,20260820,32,4,logical_shard_id modulo 4,13,1,31441,30937,31639,31250.0,157.77555260559222,0.005048817683378951,1.012448,2466,0.274
sift1m,random,20260820,32,4,logical_shard_id modulo 4,14,2,31047,30937,31639,31250.0,157.77555260559222,0.005048817683378951,1.012448,2402,0.2668888888888889
sift1m,random,20260820,32,4,logical_shard_id modulo 4,15,3,31216,30937,31639,31250.0,157.77555260559222,0.005048817683378951,1.012448,2448,0.272
sift1m,random,20260820,32,4,logical_shard_id modulo 4,16,0,31329,30937,31639,31250.0,157.77555260559222,0.005048817683378951,1.012448,2448,0.272
sift1m,random,20260820,32,4,logical_shard_id modulo 4,17,1,31083,30937,31639,31250.0,157.77555260559222,0.005048817683378951,1.012448,2352,0.2613333333333333
sift1m,random,20260820,32,4,logical_shard_id modulo 4,18,2,31236,30937,31639,31250.0,157.77555260559222,0.005048817683378951,1.012448,2496,0.2773333333333333
sift1m,random,20260820,32,4,logical_shard_id modulo 4,19,3,31299,30937,31639,31250.0,157.77555260559222,0.005048817683378951,1.012448,2499,0.2776666666666667
sift1m,random,20260820,32,4,logical_shard_id modulo 4,20,0,31079,30937,31639,31250.0,157.77555260559222,0.005048817683378951,1.012448,2499,0.2776666666666667
sift1m,random,20260820,32,4,logical_shard_id modulo 4,21,1,31504,30937,31639,31250.0,157.77555260559222,0.005048817683378951,1.012448,2417,0.26855555555555555
sift1m,random,20260820,32,4,logical_shard_id modulo 4,22,2,31294,30937,31639,31250.0,157.77555260559222,0.005048817683378951,1.012448,2469,0.2743333333333333
sift1m,random,20260820,32,4,logical_shard_id modulo 4,23,3,31110,30937,31639,31250.0,157.77555260559222,0.005048817683378951,1.012448,2466,0.274
sift1m,random,20260820,32,4,logical_shard_id modulo 4,24,0,31100,30937,31639,31250.0,157.77555260559222,0.005048817683378951,1.012448,2487,0.2763333333333333
sift1m,random,20260820,32,4,logical_shard_id modulo 4,25,1,31176,30937,31639,31250.0,157.77555260559222,0.005048817683378951,1.012448,2491,0.2767777777777778
sift1m,random,20260820,32,4,logical_shard_id modulo 4,26,2,30937,30937,31639,31250.0,157.77555260559222,0.005048817683378951,1.012448,2452,0.27244444444444443
sift1m,random,20260820,32,4,logical_shard_id modulo 4,27,3,31323,30937,31639,31250.0,157.77555260559222,0.005048817683378951,1.012448,2380,0.2644444444444444
sift1m,random,20260820,32,4,logical_shard_id modulo 4,28,0,31096,30937,31639,31250.0,157.77555260559222,0.005048817683378951,1.012448,2465,0.2738888888888889
sift1m,random,20260820,32,4,logical_shard_id modulo 4,29,1,31321,30937,31639,31250.0,157.77555260559222,0.005048817683378951,1.012448,2494,0.2771111111111111
sift1m,random,20260820,32,4,logical_shard_id modulo 4,30,2,31450,30937,31639,31250.0,157.77555260559222,0.005048817683378951,1.012448,2462,0.27355555555555555
sift1m,random,20260820,32,4,logical_shard_id modulo 4,31,3,31147,30937,31639,31250.0,157.77555260559222,0.005048817683378951,1.012448,2405,0.26722222222222225
sift1m,random,20260820,4,4,logical_shard_id modulo 4,0,0,250042,249550,250474,250000.0,329.12611564565947,0.0013165044625826378,1.001896,8490,0.9433333333333334
sift1m,random,20260820,4,4,logical_shard_id modulo 4,1,1,250474,249550,250474,250000.0,329.12611564565947,0.0013165044625826378,1.001896,8465,0.9405555555555556
sift1m,random,20260820,4,4,logical_shard_id modulo 4,2,2,249934,249550,250474,250000.0,329.12611564565947,0.0013165044625826378,1.001896,8494,0.9437777777777778
sift1m,random,20260820,4,4,logical_shard_id modulo 4,3,3,249550,249550,250474,250000.0,329.12611564565947,0.0013165044625826378,1.001896,8492,0.9435555555555556
sift1m,random,20260820,8,4,logical_shard_id modulo 4,0,0,125487,124536,125527,125000.0,341.7239382893742,0.0027337915063149936,1.004216,6698,0.7442222222222222
sift1m,random,20260820,8,4,logical_shard_id modulo 4,1,1,124555,124536,125527,125000.0,341.7239382893742,0.0027337915063149936,1.004216,6562,0.7291111111111112
sift1m,random,20260820,8,4,logical_shard_id modulo 4,2,2,125527,124536,125527,125000.0,341.7239382893742,0.0027337915063149936,1.004216,6539,0.7265555555555555
sift1m,random,20260820,8,4,logical_shard_id modulo 4,3,3,124947,124536,125527,125000.0,341.7239382893742,0.0027337915063149936,1.004216,6561,0.729
sift1m,random,20260820,8,4,logical_shard_id modulo 4,4,0,124947,124536,125527,125000.0,341.7239382893742,0.0027337915063149936,1.004216,6627,0.7363333333333333
sift1m,random,20260820,8,4,logical_shard_id modulo 4,5,1,124987,124536,125527,125000.0,341.7239382893742,0.0027337915063149936,1.004216,6695,0.7438888888888889
sift1m,random,20260820,8,4,logical_shard_id modulo 4,6,2,124536,124536,125527,125000.0,341.7239382893742,0.0027337915063149936,1.004216,6621,0.7356666666666667
sift1m,random,20260820,8,4,logical_shard_id modulo 4,7,3,125014,124536,125527,125000.0,341.7239382893742,0.0027337915063149936,1.004216,6609,0.7343333333333333
glove-200-angular,kmeans,20260820,16,4,logical_shard_id modulo 4,0,0,119678,20789,119678,73969.625,25429.31636388157,0.3437805229360237,1.6179343886088378,2036,0.2262222222222222
glove-200-angular,kmeans,20260820,16,4,logical_shard_id modulo 4,1,1,39522,20789,119678,73969.625,25429.31636388157,0.3437805229360237,1.6179343886088378,777,0.08633333333333333
glove-200-angular,kmeans,20260820,16,4,logical_shard_id modulo 4,2,2,87201,20789,119678,73969.625,25429.31636388157,0.3437805229360237,1.6179343886088378,1561,0.17344444444444446
glove-200-angular,kmeans,20260820,16,4,logical_shard_id modulo 4,3,3,78814,20789,119678,73969.625,25429.31636388157,0.3437805229360237,1.6179343886088378,1517,0.16855555555555554
glove-200-angular,kmeans,20260820,16,4,logical_shard_id modulo 4,4,0,79552,20789,119678,73969.625,25429.31636388157,0.3437805229360237,1.6179343886088378,1472,0.16355555555555557
glove-200-angular,kmeans,20260820,16,4,logical_shard_id modulo 4,5,1,68608,20789,119678,73969.625,25429.31636388157,0.3437805229360237,1.6179343886088378,1559,0.17322222222222222
glove-200-angular,kmeans,20260820,16,4,logical_shard_id modulo 4,6,2,36599,20789,119678,73969.625,25429.31636388157,0.3437805229360237,1.6179343886088378,833,0.09255555555555556
glove-200-angular,kmeans,20260820,16,4,logical_shard_id modulo 4,7,3,81789,20789,119678,73969.625,25429.31636388157,0.3437805229360237,1.6179343886088378,1441,0.16011111111111112
glove-200-angular,kmeans,20260820,16,4,logical_shard_id modulo 4,8,0,76177,20789,119678,73969.625,25429.31636388157,0.3437805229360237,1.6179343886088378,1619,0.17988888888888888
glove-200-angular,kmeans,20260820,16,4,logical_shard_id modulo 4,9,1,20789,20789,119678,73969.625,25429.31636388157,0.3437805229360237,1.6179343886088378,716,0.07955555555555556
glove-200-angular,kmeans,20260820,16,4,logical_shard_id modulo 4,10,2,113883,20789,119678,73969.625,25429.31636388157,0.3437805229360237,1.6179343886088378,2718,0.302
glove-200-angular,kmeans,20260820,16,4,logical_shard_id modulo 4,11,3,100982,20789,119678,73969.625,25429.31636388157,0.3437805229360237,1.6179343886088378,2798,0.3108888888888889
glove-200-angular,kmeans,20260820,16,4,logical_shard_id modulo 4,12,0,63916,20789,119678,73969.625,25429.31636388157,0.3437805229360237,1.6179343886088378,1370,0.15222222222222223
glove-200-angular,kmeans,20260820,16,4,logical_shard_id modulo 4,13,1,71770,20789,119678,73969.625,25429.31636388157,0.3437805229360237,1.6179343886088378,1142,0.12688888888888888
glove-200-angular,kmeans,20260820,16,4,logical_shard_id modulo 4,14,2,65568,20789,119678,73969.625,25429.31636388157,0.3437805229360237,1.6179343886088378,1038,0.11533333333333333
glove-200-angular,kmeans,20260820,16,4,logical_shard_id modulo 4,15,3,78666,20789,119678,73969.625,25429.31636388157,0.3437805229360237,1.6179343886088378,1330,0.14777777777777779
glove-200-angular,kmeans,20260820,2,4,logical_shard_id modulo 4,0,0,828099,355415,828099,591757.0,236342.0,0.3993902902711755,1.3993902902711755,8061,0.8956666666666667
glove-200-angular,kmeans,20260820,2,4,logical_shard_id modulo 4,1,1,355415,355415,828099,591757.0,236342.0,0.3993902902711755,1.3993902902711755,5489,0.6098888888888889
glove-200-angular,kmeans,20260820,32,4,logical_shard_id modulo 4,0,0,16399,15843,68153,36984.8125,15414.836654659814,0.41678828721004907,1.8427293635732234,290,0.03222222222222222
glove-200-angular,kmeans,20260820,32,4,logical_shard_id modulo 4,1,1,26485,15843,68153,36984.8125,15414.836654659814,0.41678828721004907,1.8427293635732234,427,0.04744444444444444
glove-200-angular,kmeans,20260820,32,4,logical_shard_id modulo 4,2,2,26248,15843,68153,36984.8125,15414.836654659814,0.41678828721004907,1.8427293635732234,451,0.05011111111111111
glove-200-angular,kmeans,20260820,32,4,logical_shard_id modulo 4,3,3,39963,15843,68153,36984.8125,15414.836654659814,0.41678828721004907,1.8427293635732234,939,0.10433333333333333
glove-200-angular,kmeans,20260820,32,4,logical_shard_id modulo 4,4,0,54737,15843,68153,36984.8125,15414.836654659814,0.41678828721004907,1.8427293635732234,1540,0.1711111111111111
glove-200-angular,kmeans,20260820,32,4,logical_shard_id modulo 4,5,1,54874,15843,68153,36984.8125,15414.836654659814,0.41678828721004907,1.8427293635732234,1059,0.11766666666666667
glove-200-angular,kmeans,20260820,32,4,logical_shard_id modulo 4,6,2,25076,15843,68153,36984.8125,15414.836654659814,0.41678828721004907,1.8427293635732234,636,0.07066666666666667
glove-200-angular,kmeans,20260820,32,4,logical_shard_id modulo 4,7,3,64985,15843,68153,36984.8125,15414.836654659814,0.41678828721004907,1.8427293635732234,1267,0.14077777777777778
glove-200-angular,kmeans,20260820,32,4,logical_shard_id modulo 4,8,0,40847,15843,68153,36984.8125,15414.836654659814,0.41678828721004907,1.8427293635732234,1674,0.186
glove-200-angular,kmeans,20260820,32,4,logical_shard_id modulo 4,9,1,19274,15843,68153,36984.8125,15414.836654659814,0.41678828721004907,1.8427293635732234,463,0.051444444444444445
glove-200-angular,kmeans,20260820,32,4,logical_shard_id modulo 4,10,2,57849,15843,68153,36984.8125,15414.836654659814,0.41678828721004907,1.8427293635732234,1398,0.15533333333333332
glove-200-angular,kmeans,20260820,32,4,logical_shard_id modulo 4,11,3,31470,15843,68153,36984.8125,15414.836654659814,0.41678828721004907,1.8427293635732234,929,0.10322222222222223
glove-200-angular,kmeans,20260820,32,4,logical_shard_id modulo 4,12,0,26687,15843,68153,36984.8125,15414.836654659814,0.41678828721004907,1.8427293635732234,738,0.082
glove-200-angular,kmeans,20260820,32,4,logical_shard_id modulo 4,13,1,23091,15843,68153,36984.8125,15414.836654659814,0.41678828721004907,1.8427293635732234,430,0.04777777777777778
glove-200-angular,kmeans,20260820,32,4,logical_shard_id modulo 4,14,2,33300,15843,68153,36984.8125,15414.836654659814,0.41678828721004907,1.8427293635732234,673,0.07477777777777778
glove-200-angular,kmeans,20260820,32,4,logical_shard_id modulo 4,15,3,45427,15843,68153,36984.8125,15414.836654659814,0.41678828721004907,1.8427293635732234,961,0.10677777777777778
glove-200-angular,kmeans,20260820,32,4,logical_shard_id modulo 4,16,0,27271,15843,68153,36984.8125,15414.836654659814,0.41678828721004907,1.8427293635732234,638,0.07088888888888889
glove-200-angular,kmeans,20260820,32,4,logical_shard_id modulo 4,17,1,35668,15843,68153,36984.8125,15414.836654659814,0.41678828721004907,1.8427293635732234,571,0.06344444444444444
glove-200-angular,kmeans,20260820,32,4,logical_shard_id modulo 4,18,2,32051,15843,68153,36984.8125,15414.836654659814,0.41678828721004907,1.8427293635732234,629,0.06988888888888889
glove-200-angular,kmeans,20260820,32,4,logical_shard_id modulo 4,19,3,51450,15843,68153,36984.8125,15414.836654659814,0.41678828721004907,1.8427293635732234,1601,0.1778888888888889
glove-200-angular,kmeans,20260820,32,4,logical_shard_id modulo 4,20,0,27122,15843,68153,36984.8125,15414.836654659814,0.41678828721004907,1.8427293635732234,680,0.07555555555555556
glove-200-angular,kmeans,20260820,32,4,logical_shard_id modulo 4,21,1,55992,15843,68153,36984.8125,15414.836654659814,0.41678828721004907,1.8427293635732234,729,0.081
glove-200-angular,kmeans,20260820,32,4,logical_shard_id modulo 4,22,2,28572,15843,68153,36984.8125,15414.836654659814,0.41678828721004907,1.8427293635732234,481,0.05344444444444445
glove-200-angular,kmeans,20260820,32,4,logical_shard_id modulo 4,23,3,58014,15843,68153,36984.8125,15414.836654659814,0.41678828721004907,1.8427293635732234,1380,0.15333333333333332
glove-200-angular,kmeans,20260820,32,4,logical_shard_id modulo 4,24,0,68153,15843,68153,36984.8125,15414.836654659814,0.41678828721004907,1.8427293635732234,1342,0.1491111111111111
glove-200-angular,kmeans,20260820,32,4,logical_shard_id modulo 4,25,1,25934,15843,68153,36984.8125,15414.836654659814,0.41678828721004907,1.8427293635732234,606,0.06733333333333333
glove-200-angular,kmeans,20260820,32,4,logical_shard_id modulo 4,26,2,20818,15843,68153,36984.8125,15414.836654659814,0.41678828721004907,1.8427293635732234,596,0.06622222222222222
glove-200-angular,kmeans,20260820,32,4,logical_shard_id modulo 4,27,3,23904,15843,68153,36984.8125,15414.836654659814,0.41678828721004907,1.8427293635732234,716,0.07955555555555556
glove-200-angular,kmeans,20260820,32,4,logical_shard_id modulo 4,28,0,65052,15843,68153,36984.8125,15414.836654659814,0.41678828721004907,1.8427293635732234,1733,0.19255555555555556
glove-200-angular,kmeans,20260820,32,4,logical_shard_id modulo 4,29,1,15843,15843,68153,36984.8125,15414.836654659814,0.41678828721004907,1.8427293635732234,485,0.05388888888888889
glove-200-angular,kmeans,20260820,32,4,logical_shard_id modulo 4,30,2,35941,15843,68153,36984.8125,15414.836654659814,0.41678828721004907,1.8427293635732234,721,0.0801111111111111
glove-200-angular,kmeans,20260820,32,4,logical_shard_id modulo 4,31,3,25017,15843,68153,36984.8125,15414.836654659814,0.41678828721004907,1.8427293635732234,446,0.049555555555555554
glove-200-angular,kmeans,20260820,4,4,logical_shard_id modulo 4,0,0,528812,177560,528812,295878.5,141739.88967912315,0.479047614744306,1.7872606492191896,6583,0.7314444444444445
glove-200-angular,kmeans,20260820,4,4,logical_shard_id modulo 4,1,1,185963,177560,528812,295878.5,141739.88967912315,0.479047614744306,1.7872606492191896,3324,0.36933333333333335
glove-200-angular,kmeans,20260820,4,4,logical_shard_id modulo 4,2,2,291179,177560,528812,295878.5,141739.88967912315,0.479047614744306,1.7872606492191896,4500,0.5
glove-200-angular,kmeans,20260820,4,4,logical_shard_id modulo 4,3,3,177560,177560,528812,295878.5,141739.88967912315,0.479047614744306,1.7872606492191896,2638,0.2931111111111111
glove-200-angular,kmeans,20260820,8,4,logical_shard_id modulo 4,0,0,176385,68251,256096,147939.25,54258.164389679645,0.3667597638198088,1.73108894360354,3063,0.3403333333333333
glove-200-angular,kmeans,20260820,8,4,logical_shard_id modulo 4,1,1,100608,68251,256096,147939.25,54258.164389679645,0.3667597638198088,1.73108894360354,1865,0.20722222222222222
glove-200-angular,kmeans,20260820,8,4,logical_shard_id modulo 4,2,2,176261,68251,256096,147939.25,54258.164389679645,0.3667597638198088,1.73108894360354,2731,0.30344444444444446
glove-200-angular,kmeans,20260820,8,4,logical_shard_id modulo 4,3,3,161546,68251,256096,147939.25,54258.164389679645,0.3667597638198088,1.73108894360354,3173,0.35255555555555557
glove-200-angular,kmeans,20260820,8,4,logical_shard_id modulo 4,4,0,256096,68251,256096,147939.25,54258.164389679645,0.3667597638198088,1.73108894360354,4421,0.4912222222222222
glove-200-angular,kmeans,20260820,8,4,logical_shard_id modulo 4,5,1,130553,68251,256096,147939.25,54258.164389679645,0.3667597638198088,1.73108894360354,2751,0.30566666666666664
glove-200-angular,kmeans,20260820,8,4,logical_shard_id modulo 4,6,2,68251,68251,256096,147939.25,54258.164389679645,0.3667597638198088,1.73108894360354,1444,0.16044444444444445
glove-200-angular,kmeans,20260820,8,4,logical_shard_id modulo 4,7,3,113814,68251,256096,147939.25,54258.164389679645,0.3667597638198088,1.73108894360354,1972,0.21911111111111112
glove-200-angular,orion,1,16,4,logical_shard_id modulo 4,0,0,108532,14531,193106,73969.625,44040.050327620826,0.5953802027199789,2.6106121262612865,1946,0.21622222222222223
glove-200-angular,orion,1,16,4,logical_shard_id modulo 4,1,1,51900,14531,193106,73969.625,44040.050327620826,0.5953802027199789,2.6106121262612865,1548,0.172
glove-200-angular,orion,1,16,4,logical_shard_id modulo 4,2,2,117620,14531,193106,73969.625,44040.050327620826,0.5953802027199789,2.6106121262612865,3059,0.3398888888888889
glove-200-angular,orion,1,16,4,logical_shard_id modulo 4,3,3,66263,14531,193106,73969.625,44040.050327620826,0.5953802027199789,2.6106121262612865,1515,0.16833333333333333
glove-200-angular,orion,1,16,4,logical_shard_id modulo 4,4,0,20226,14531,193106,73969.625,44040.050327620826,0.5953802027199789,2.6106121262612865,736,0.08177777777777778
glove-200-angular,orion,1,16,4,logical_shard_id modulo 4,5,1,60698,14531,193106,73969.625,44040.050327620826,0.5953802027199789,2.6106121262612865,1140,0.12666666666666668
glove-200-angular,orion,1,16,4,logical_shard_id modulo 4,6,2,193106,14531,193106,73969.625,44040.050327620826,0.5953802027199789,2.6106121262612865,4168,0.4631111111111111
glove-200-angular,orion,1,16,4,logical_shard_id modulo 4,7,3,53389,14531,193106,73969.625,44040.050327620826,0.5953802027199789,2.6106121262612865,720,0.08
glove-200-angular,orion,1,16,4,logical_shard_id modulo 4,8,0,54501,14531,193106,73969.625,44040.050327620826,0.5953802027199789,2.6106121262612865,749,0.08322222222222223
glove-200-angular,orion,1,16,4,logical_shard_id modulo 4,9,1,95695,14531,193106,73969.625,44040.050327620826,0.5953802027199789,2.6106121262612865,1767,0.19633333333333333
glove-200-angular,orion,1,16,4,logical_shard_id modulo 4,10,2,21135,14531,193106,73969.625,44040.050327620826,0.5953802027199789,2.6106121262612865,639,0.071
glove-200-angular,orion,1,16,4,logical_shard_id modulo 4,11,3,14531,14531,193106,73969.625,44040.050327620826,0.5953802027199789,2.6106121262612865,241,0.02677777777777778
glove-200-angular,orion,1,16,4,logical_shard_id modulo 4,12,0,82859,14531,193106,73969.625,44040.050327620826,0.5953802027199789,2.6106121262612865,1844,0.2048888888888889
glove-200-angular,orion,1,16,4,logical_shard_id modulo 4,13,1,41930,14531,193106,73969.625,44040.050327620826,0.5953802027199789,2.6106121262612865,740,0.08222222222222222
glove-200-angular,orion,1,16,4,logical_shard_id modulo 4,14,2,102673,14531,193106,73969.625,44040.050327620826,0.5953802027199789,2.6106121262612865,1707,0.18966666666666668
glove-200-angular,orion,1,16,4,logical_shard_id modulo 4,15,3,98456,14531,193106,73969.625,44040.050327620826,0.5953802027199789,2.6106121262612865,2065,0.22944444444444445
glove-200-angular,orion,1,2,4,logical_shard_id modulo 4,0,0,941739,241775,941739,591757.0,349982.0,0.5914285762568081,1.5914285762568081,8488,0.9431111111111111
glove-200-angular,orion,1,2,4,logical_shard_id modulo 4,1,1,241775,241775,941739,591757.0,349982.0,0.5914285762568081,1.5914285762568081,4818,0.5353333333333333
glove-200-angular,orion,1,32,4,logical_shard_id modulo 4,0,0,56007,4908,217725,36984.8125,37285.982979899345,1.0081430852163802,5.886875862896425,1241,0.1378888888888889
glove-200-angular,orion,1,32,4,logical_shard_id modulo 4,1,1,17133,4908,217725,36984.8125,37285.982979899345,1.0081430852163802,5.886875862896425,514,0.05711111111111111
glove-200-angular,orion,1,32,4,logical_shard_id modulo 4,2,2,21496,4908,217725,36984.8125,37285.982979899345,1.0081430852163802,5.886875862896425,575,0.06388888888888888
glove-200-angular,orion,1,32,4,logical_shard_id modulo 4,3,3,61126,4908,217725,36984.8125,37285.982979899345,1.0081430852163802,5.886875862896425,1439,0.15988888888888889
glove-200-angular,orion,1,32,4,logical_shard_id modulo 4,4,0,6610,4908,217725,36984.8125,37285.982979899345,1.0081430852163802,5.886875862896425,224,0.024888888888888887
glove-200-angular,orion,1,32,4,logical_shard_id modulo 4,5,1,28655,4908,217725,36984.8125,37285.982979899345,1.0081430852163802,5.886875862896425,443,0.04922222222222222
glove-200-angular,orion,1,32,4,logical_shard_id modulo 4,6,2,21510,4908,217725,36984.8125,37285.982979899345,1.0081430852163802,5.886875862896425,523,0.05811111111111111
glove-200-angular,orion,1,32,4,logical_shard_id modulo 4,7,3,55344,4908,217725,36984.8125,37285.982979899345,1.0081430852163802,5.886875862896425,728,0.08088888888888889
glove-200-angular,orion,1,32,4,logical_shard_id modulo 4,8,0,46037,4908,217725,36984.8125,37285.982979899345,1.0081430852163802,5.886875862896425,902,0.10022222222222223
glove-200-angular,orion,1,32,4,logical_shard_id modulo 4,9,1,39885,4908,217725,36984.8125,37285.982979899345,1.0081430852163802,5.886875862896425,1386,0.154
glove-200-angular,orion,1,32,4,logical_shard_id modulo 4,10,2,15942,4908,217725,36984.8125,37285.982979899345,1.0081430852163802,5.886875862896425,510,0.056666666666666664
glove-200-angular,orion,1,32,4,logical_shard_id modulo 4,11,3,14546,4908,217725,36984.8125,37285.982979899345,1.0081430852163802,5.886875862896425,238,0.026444444444444444
glove-200-angular,orion,1,32,4,logical_shard_id modulo 4,12,0,18278,4908,217725,36984.8125,37285.982979899345,1.0081430852163802,5.886875862896425,637,0.07077777777777777
glove-200-angular,orion,1,32,4,logical_shard_id modulo 4,13,1,14449,4908,217725,36984.8125,37285.982979899345,1.0081430852163802,5.886875862896425,264,0.029333333333333333
glove-200-angular,orion,1,32,4,logical_shard_id modulo 4,14,2,31934,4908,217725,36984.8125,37285.982979899345,1.0081430852163802,5.886875862896425,848,0.09422222222222222
glove-200-angular,orion,1,32,4,logical_shard_id modulo 4,15,3,30535,4908,217725,36984.8125,37285.982979899345,1.0081430852163802,5.886875862896425,1156,0.12844444444444444
glove-200-angular,orion,1,32,4,logical_shard_id modulo 4,16,0,26002,4908,217725,36984.8125,37285.982979899345,1.0081430852163802,5.886875862896425,706,0.07844444444444444
glove-200-angular,orion,1,32,4,logical_shard_id modulo 4,17,1,9544,4908,217725,36984.8125,37285.982979899345,1.0081430852163802,5.886875862896425,165,0.018333333333333333
glove-200-angular,orion,1,32,4,logical_shard_id modulo 4,18,2,25948,4908,217725,36984.8125,37285.982979899345,1.0081430852163802,5.886875862896425,669,0.07433333333333333
glove-200-angular,orion,1,32,4,logical_shard_id modulo 4,19,3,217725,4908,217725,36984.8125,37285.982979899345,1.0081430852163802,5.886875862896425,4611,0.5123333333333333
glove-200-angular,orion,1,32,4,logical_shard_id modulo 4,20,0,23307,4908,217725,36984.8125,37285.982979899345,1.0081430852163802,5.886875862896425,566,0.06288888888888888
glove-200-angular,orion,1,32,4,logical_shard_id modulo 4,21,1,7906,4908,217725,36984.8125,37285.982979899345,1.0081430852163802,5.886875862896425,236,0.026222222222222223
glove-200-angular,orion,1,32,4,logical_shard_id modulo 4,22,2,23777,4908,217725,36984.8125,37285.982979899345,1.0081430852163802,5.886875862896425,625,0.06944444444444445
glove-200-angular,orion,1,32,4,logical_shard_id modulo 4,23,3,75574,4908,217725,36984.8125,37285.982979899345,1.0081430852163802,5.886875862896425,1616,0.17955555555555555
glove-200-angular,orion,1,32,4,logical_shard_id modulo 4,24,0,27207,4908,217725,36984.8125,37285.982979899345,1.0081430852163802,5.886875862896425,467,0.05188888888888889
glove-200-angular,orion,1,32,4,logical_shard_id modulo 4,25,1,52888,4908,217725,36984.8125,37285.982979899345,1.0081430852163802,5.886875862896425,741,0.08233333333333333
glove-200-angular,orion,1,32,4,logical_shard_id modulo 4,26,2,4908,4908,217725,36984.8125,37285.982979899345,1.0081430852163802,5.886875862896425,173,0.019222222222222224
glove-200-angular,orion,1,32,4,logical_shard_id modulo 4,27,3,25918,4908,217725,36984.8125,37285.982979899345,1.0081430852163802,5.886875862896425,702,0.078
glove-200-angular,orion,1,32,4,logical_shard_id modulo 4,28,0,72777,4908,217725,36984.8125,37285.982979899345,1.0081430852163802,5.886875862896425,1406,0.15622222222222223
glove-200-angular,orion,1,32,4,logical_shard_id modulo 4,29,1,28758,4908,217725,36984.8125,37285.982979899345,1.0081430852163802,5.886875862896425,669,0.07433333333333333
glove-200-angular,orion,1,32,4,logical_shard_id modulo 4,30,2,32493,4908,217725,36984.8125,37285.982979899345,1.0081430852163802,5.886875862896425,1006,0.11177777777777778
glove-200-angular,orion,1,32,4,logical_shard_id modulo 4,31,3,49295,4908,217725,36984.8125,37285.982979899345,1.0081430852163802,5.886875862896425,1311,0.14566666666666667
glove-200-angular,orion,1,4,4,logical_shard_id modulo 4,0,0,453932,180825,453932,295878.5,100058.61349354188,0.338174667958442,1.5341837950374901,6280,0.6977777777777778
glove-200-angular,orion,1,4,4,logical_shard_id modulo 4,1,1,180825,180825,453932,295878.5,100058.61349354188,0.338174667958442,1.5341837950374901,4229,0.4698888888888889
glove-200-angular,orion,1,4,4,logical_shard_id modulo 4,2,2,295641,180825,453932,295878.5,100058.61349354188,0.338174667958442,1.5341837950374901,4960,0.5511111111111111
glove-200-angular,orion,1,4,4,logical_shard_id modulo 4,3,3,253116,180825,453932,295878.5,100058.61349354188,0.338174667958442,1.5341837950374901,4139,0.4598888888888889
glove-200-angular,orion,1,8,4,logical_shard_id modulo 4,0,0,272601,50145,315143,147939.25,88606.16684202911,0.5989361636078938,2.1302189919172902,4628,0.5142222222222222
glove-200-angular,orion,1,8,4,logical_shard_id modulo 4,1,1,111369,50145,315143,147939.25,88606.16684202911,0.5989361636078938,2.1302189919172902,2721,0.30233333333333334
glove-200-angular,orion,1,8,4,logical_shard_id modulo 4,2,2,50145,50145,315143,147939.25,88606.16684202911,0.5989361636078938,2.1302189919172902,1380,0.15333333333333332
glove-200-angular,orion,1,8,4,logical_shard_id modulo 4,3,3,315143,50145,315143,147939.25,88606.16684202911,0.5989361636078938,2.1302189919172902,5195,0.5772222222222222
glove-200-angular,orion,1,8,4,logical_shard_id modulo 4,4,0,121657,50145,315143,147939.25,88606.16684202911,0.5989361636078938,2.1302189919172902,2373,0.26366666666666666
glove-200-angular,orion,1,8,4,logical_shard_id modulo 4,5,1,139243,50145,315143,147939.25,88606.16684202911,0.5989361636078938,2.1302189919172902,2767,0.30744444444444446
glove-200-angular,orion,1,8,4,logical_shard_id modulo 4,6,2,94967,50145,315143,147939.25,88606.16684202911,0.5989361636078938,2.1302189919172902,1755,0.195
glove-200-angular,orion,1,8,4,logical_shard_id modulo 4,7,3,78389,50145,315143,147939.25,88606.16684202911,0.5989361636078938,2.1302189919172902,1308,0.14533333333333334
glove-200-angular,orion_no_refinement,1,16,4,logical_shard_id modulo 4,0,0,99792,14770,110955,73969.625,27527.789458733787,0.37214991232865907,1.500007604472782,1870,0.20777777777777778
glove-200-angular,orion_no_refinement,1,16,4,logical_shard_id modulo 4,1,1,51997,14770,110955,73969.625,27527.789458733787,0.37214991232865907,1.500007604472782,1598,0.17755555555555555
glove-200-angular,orion_no_refinement,1,16,4,logical_shard_id modulo 4,2,2,76442,14770,110955,73969.625,27527.789458733787,0.37214991232865907,1.500007604472782,1860,0.20666666666666667
glove-200-angular,orion_no_refinement,1,16,4,logical_shard_id modulo 4,3,3,80625,14770,110955,73969.625,27527.789458733787,0.37214991232865907,1.500007604472782,2221,0.2467777777777778
glove-200-angular,orion_no_refinement,1,16,4,logical_shard_id modulo 4,4,0,65895,14770,110955,73969.625,27527.789458733787,0.37214991232865907,1.500007604472782,1900,0.2111111111111111
glove-200-angular,orion_no_refinement,1,16,4,logical_shard_id modulo 4,5,1,78623,14770,110955,73969.625,27527.789458733787,0.37214991232865907,1.500007604472782,1906,0.2117777777777778
glove-200-angular,orion_no_refinement,1,16,4,logical_shard_id modulo 4,6,2,110955,14770,110955,73969.625,27527.789458733787,0.37214991232865907,1.500007604472782,3439,0.3821111111111111
glove-200-angular,orion_no_refinement,1,16,4,logical_shard_id modulo 4,7,3,56777,14770,110955,73969.625,27527.789458733787,0.37214991232865907,1.500007604472782,847,0.09411111111111112
glove-200-angular,orion_no_refinement,1,16,4,logical_shard_id modulo 4,8,0,59560,14770,110955,73969.625,27527.789458733787,0.37214991232865907,1.500007604472782,925,0.10277777777777777
glove-200-angular,orion_no_refinement,1,16,4,logical_shard_id modulo 4,9,1,89797,14770,110955,73969.625,27527.789458733787,0.37214991232865907,1.500007604472782,1857,0.20633333333333334
glove-200-angular,orion_no_refinement,1,16,4,logical_shard_id modulo 4,10,2,36673,14770,110955,73969.625,27527.789458733787,0.37214991232865907,1.500007604472782,1096,0.12177777777777778
glove-200-angular,orion_no_refinement,1,16,4,logical_shard_id modulo 4,11,3,14770,14770,110955,73969.625,27527.789458733787,0.37214991232865907,1.500007604472782,252,0.028
glove-200-angular,orion_no_refinement,1,16,4,logical_shard_id modulo 4,12,0,110955,14770,110955,73969.625,27527.789458733787,0.37214991232865907,1.500007604472782,2668,0.29644444444444445
glove-200-angular,orion_no_refinement,1,16,4,logical_shard_id modulo 4,13,1,45792,14770,110955,73969.625,27527.789458733787,0.37214991232865907,1.500007604472782,948,0.10533333333333333
glove-200-angular,orion_no_refinement,1,16,4,logical_shard_id modulo 4,14,2,106812,14770,110955,73969.625,27527.789458733787,0.37214991232865907,1.500007604472782,1840,0.20444444444444446
glove-200-angular,orion_no_refinement,1,16,4,logical_shard_id modulo 4,15,3,98049,14770,110955,73969.625,27527.789458733787,0.37214991232865907,1.500007604472782,2383,0.2647777777777778
glove-200-angular,orion_no_refinement,1,2,4,logical_shard_id modulo 4,0,0,832307,351207,832307,591757.0,240550.0,0.4065013172636741,1.406501317263674,8367,0.9296666666666666
glove-200-angular,orion_no_refinement,1,2,4,logical_shard_id modulo 4,1,1,351207,351207,832307,591757.0,240550.0,0.4065013172636741,1.406501317263674,6217,0.6907777777777778
glove-200-angular,orion_no_refinement,1,32,4,logical_shard_id modulo 4,0,0,55477,9853,55477,36984.8125,15056.854305924719,0.4071091155572228,1.4999940854100586,1272,0.14133333333333334
glove-200-angular,orion_no_refinement,1,32,4,logical_shard_id modulo 4,1,1,18772,9853,55477,36984.8125,15056.854305924719,0.4071091155572228,1.4999940854100586,569,0.06322222222222222
glove-200-angular,orion_no_refinement,1,32,4,logical_shard_id modulo 4,2,2,43567,9853,55477,36984.8125,15056.854305924719,0.4071091155572228,1.4999940854100586,1010,0.11222222222222222
glove-200-angular,orion_no_refinement,1,32,4,logical_shard_id modulo 4,3,3,55477,9853,55477,36984.8125,15056.854305924719,0.4071091155572228,1.4999940854100586,1498,0.16644444444444445
glove-200-angular,orion_no_refinement,1,32,4,logical_shard_id modulo 4,4,0,23110,9853,55477,36984.8125,15056.854305924719,0.4071091155572228,1.4999940854100586,706,0.07844444444444444
glove-200-angular,orion_no_refinement,1,32,4,logical_shard_id modulo 4,5,1,23838,9853,55477,36984.8125,15056.854305924719,0.4071091155572228,1.4999940854100586,435,0.04833333333333333
glove-200-angular,orion_no_refinement,1,32,4,logical_shard_id modulo 4,6,2,25691,9853,55477,36984.8125,15056.854305924719,0.4071091155572228,1.4999940854100586,686,0.07622222222222222
glove-200-angular,orion_no_refinement,1,32,4,logical_shard_id modulo 4,7,3,54517,9853,55477,36984.8125,15056.854305924719,0.4071091155572228,1.4999940854100586,791,0.08788888888888889
glove-200-angular,orion_no_refinement,1,32,4,logical_shard_id modulo 4,8,0,54695,9853,55477,36984.8125,15056.854305924719,0.4071091155572228,1.4999940854100586,1066,0.11844444444444445
glove-200-angular,orion_no_refinement,1,32,4,logical_shard_id modulo 4,9,1,54249,9853,55477,36984.8125,15056.854305924719,0.4071091155572228,1.4999940854100586,1534,0.17044444444444445
glove-200-angular,orion_no_refinement,1,32,4,logical_shard_id modulo 4,10,2,21917,9853,55477,36984.8125,15056.854305924719,0.4071091155572228,1.4999940854100586,674,0.0748888888888889
glove-200-angular,orion_no_refinement,1,32,4,logical_shard_id modulo 4,11,3,14394,9853,55477,36984.8125,15056.854305924719,0.4071091155572228,1.4999940854100586,233,0.02588888888888889
glove-200-angular,orion_no_refinement,1,32,4,logical_shard_id modulo 4,12,0,38421,9853,55477,36984.8125,15056.854305924719,0.4071091155572228,1.4999940854100586,1185,0.13166666666666665
glove-200-angular,orion_no_refinement,1,32,4,logical_shard_id modulo 4,13,1,15805,9853,55477,36984.8125,15056.854305924719,0.4071091155572228,1.4999940854100586,311,0.034555555555555555
glove-200-angular,orion_no_refinement,1,32,4,logical_shard_id modulo 4,14,2,40145,9853,55477,36984.8125,15056.854305924719,0.4071091155572228,1.4999940854100586,1081,0.12011111111111111
glove-200-angular,orion_no_refinement,1,32,4,logical_shard_id modulo 4,15,3,39827,9853,55477,36984.8125,15056.854305924719,0.4071091155572228,1.4999940854100586,1477,0.16411111111111112
glove-200-angular,orion_no_refinement,1,32,4,logical_shard_id modulo 4,16,0,27932,9853,55477,36984.8125,15056.854305924719,0.4071091155572228,1.4999940854100586,760,0.08444444444444445
glove-200-angular,orion_no_refinement,1,32,4,logical_shard_id modulo 4,17,1,9853,9853,55477,36984.8125,15056.854305924719,0.4071091155572228,1.4999940854100586,177,0.019666666666666666
glove-200-angular,orion_no_refinement,1,32,4,logical_shard_id modulo 4,18,2,35131,9853,55477,36984.8125,15056.854305924719,0.4071091155572228,1.4999940854100586,821,0.09122222222222222
glove-200-angular,orion_no_refinement,1,32,4,logical_shard_id modulo 4,19,3,55477,9853,55477,36984.8125,15056.854305924719,0.4071091155572228,1.4999940854100586,2833,0.31477777777777777
glove-200-angular,orion_no_refinement,1,32,4,logical_shard_id modulo 4,20,0,38163,9853,55477,36984.8125,15056.854305924719,0.4071091155572228,1.4999940854100586,1146,0.12733333333333333
glove-200-angular,orion_no_refinement,1,32,4,logical_shard_id modulo 4,21,1,11649,9853,55477,36984.8125,15056.854305924719,0.4071091155572228,1.4999940854100586,324,0.036
glove-200-angular,orion_no_refinement,1,32,4,logical_shard_id modulo 4,22,2,23651,9853,55477,36984.8125,15056.854305924719,0.4071091155572228,1.4999940854100586,676,0.07511111111111111
glove-200-angular,orion_no_refinement,1,32,4,logical_shard_id modulo 4,23,3,55477,9853,55477,36984.8125,15056.854305924719,0.4071091155572228,1.4999940854100586,1336,0.14844444444444443
glove-200-angular,orion_no_refinement,1,32,4,logical_shard_id modulo 4,24,0,26710,9853,55477,36984.8125,15056.854305924719,0.4071091155572228,1.4999940854100586,463,0.051444444444444445
glove-200-angular,orion_no_refinement,1,32,4,logical_shard_id modulo 4,25,1,53485,9853,55477,36984.8125,15056.854305924719,0.4071091155572228,1.4999940854100586,763,0.08477777777777777
glove-200-angular,orion_no_refinement,1,32,4,logical_shard_id modulo 4,26,2,42487,9853,55477,36984.8125,15056.854305924719,0.4071091155572228,1.4999940854100586,1237,0.13744444444444445
glove-200-angular,orion_no_refinement,1,32,4,logical_shard_id modulo 4,27,3,32303,9853,55477,36984.8125,15056.854305924719,0.4071091155572228,1.4999940854100586,898,0.09977777777777778
glove-200-angular,orion_no_refinement,1,32,4,logical_shard_id modulo 4,28,0,54657,9853,55477,36984.8125,15056.854305924719,0.4071091155572228,1.4999940854100586,1222,0.13577777777777778
glove-200-angular,orion_no_refinement,1,32,4,logical_shard_id modulo 4,29,1,32184,9853,55477,36984.8125,15056.854305924719,0.4071091155572228,1.4999940854100586,783,0.087
glove-200-angular,orion_no_refinement,1,32,4,logical_shard_id modulo 4,30,2,55477,9853,55477,36984.8125,15056.854305924719,0.4071091155572228,1.4999940854100586,1581,0.17566666666666667
glove-200-angular,orion_no_refinement,1,32,4,logical_shard_id modulo 4,31,3,48976,9853,55477,36984.8125,15056.854305924719,0.4071091155572228,1.4999940854100586,1455,0.16166666666666665
glove-200-angular,orion_no_refinement,1,4,4,logical_shard_id modulo 4,0,0,443818,165924,443818,295878.5,105746.88318220069,0.3573996866355639,1.5000008449414202,6566,0.7295555555555555
glove-200-angular,orion_no_refinement,1,4,4,logical_shard_id modulo 4,1,1,233064,165924,443818,295878.5,105746.88318220069,0.3573996866355639,1.5000008449414202,5119,0.5687777777777778
glove-200-angular,orion_no_refinement,1,4,4,logical_shard_id modulo 4,2,2,165924,165924,443818,295878.5,105746.88318220069,0.3573996866355639,1.5000008449414202,3363,0.37366666666666665
glove-200-angular,orion_no_refinement,1,4,4,logical_shard_id modulo 4,3,3,340708,165924,443818,295878.5,105746.88318220069,0.3573996866355639,1.5000008449414202,5689,0.6321111111111111
glove-200-angular,orion_no_refinement,1,8,4,logical_shard_id modulo 4,0,0,221910,74873,221910,147939.25,57535.953952181066,0.38891608516455956,1.500007604472782,5160,0.5733333333333334
glove-200-angular,orion_no_refinement,1,8,4,logical_shard_id modulo 4,1,1,120615,74873,221910,147939.25,57535.953952181066,0.38891608516455956,1.500007604472782,3171,0.35233333333333333
glove-200-angular,orion_no_refinement,1,8,4,logical_shard_id modulo 4,2,2,74873,74873,221910,147939.25,57535.953952181066,0.38891608516455956,1.500007604472782,1883,0.20922222222222223
glove-200-angular,orion_no_refinement,1,8,4,logical_shard_id modulo 4,3,3,148399,74873,221910,147939.25,57535.953952181066,0.38891608516455956,1.500007604472782,3817,0.4241111111111111
glove-200-angular,orion_no_refinement,1,8,4,logical_shard_id modulo 4,4,0,221910,74873,221910,147939.25,57535.953952181066,0.38891608516455956,1.500007604472782,4536,0.504
glove-200-angular,orion_no_refinement,1,8,4,logical_shard_id modulo 4,5,1,207995,74873,221910,147939.25,57535.953952181066,0.38891608516455956,1.500007604472782,4642,0.5157777777777778
glove-200-angular,orion_no_refinement,1,8,4,logical_shard_id modulo 4,6,2,91861,74873,221910,147939.25,57535.953952181066,0.38891608516455956,1.500007604472782,2027,0.2252222222222222
glove-200-angular,orion_no_refinement,1,8,4,logical_shard_id modulo 4,7,3,95951,74873,221910,147939.25,57535.953952181066,0.38891608516455956,1.500007604472782,2025,0.225
glove-200-angular,random,20260820,16,4,logical_shard_id modulo 4,0,0,74238,73581,74353,73969.625,215.50547411840842,0.0029134320218388078,1.0051828706715764,4273,0.4747777777777778
glove-200-angular,random,20260820,16,4,logical_shard_id modulo 4,1,1,74232,73581,74353,73969.625,215.50547411840842,0.0029134320218388078,1.0051828706715764,4224,0.4693333333333333
glove-200-angular,random,20260820,16,4,logical_shard_id modulo 4,2,2,73581,73581,74353,73969.625,215.50547411840842,0.0029134320218388078,1.0051828706715764,4371,0.4856666666666667
glove-200-angular,random,20260820,16,4,logical_shard_id modulo 4,3,3,73975,73581,74353,73969.625,215.50547411840842,0.0029134320218388078,1.0051828706715764,4384,0.4871111111111111
glove-200-angular,random,20260820,16,4,logical_shard_id modulo 4,4,0,74353,73581,74353,73969.625,215.50547411840842,0.0029134320218388078,1.0051828706715764,4342,0.48244444444444445
glove-200-angular,random,20260820,16,4,logical_shard_id modulo 4,5,1,74026,73581,74353,73969.625,215.50547411840842,0.0029134320218388078,1.0051828706715764,4177,0.4641111111111111
glove-200-angular,random,20260820,16,4,logical_shard_id modulo 4,6,2,74186,73581,74353,73969.625,215.50547411840842,0.0029134320218388078,1.0051828706715764,4340,0.4822222222222222
glove-200-angular,random,20260820,16,4,logical_shard_id modulo 4,7,3,73741,73581,74353,73969.625,215.50547411840842,0.0029134320218388078,1.0051828706715764,4187,0.4652222222222222
glove-200-angular,random,20260820,16,4,logical_shard_id modulo 4,8,0,73853,73581,74353,73969.625,215.50547411840842,0.0029134320218388078,1.0051828706715764,4301,0.47788888888888886
glove-200-angular,random,20260820,16,4,logical_shard_id modulo 4,9,1,74073,73581,74353,73969.625,215.50547411840842,0.0029134320218388078,1.0051828706715764,4212,0.468
glove-200-angular,random,20260820,16,4,logical_shard_id modulo 4,10,2,74118,73581,74353,73969.625,215.50547411840842,0.0029134320218388078,1.0051828706715764,4308,0.4786666666666667
glove-200-angular,random,20260820,16,4,logical_shard_id modulo 4,11,3,73784,73581,74353,73969.625,215.50547411840842,0.0029134320218388078,1.0051828706715764,4256,0.4728888888888889
glove-200-angular,random,20260820,16,4,logical_shard_id modulo 4,12,0,73800,73581,74353,73969.625,215.50547411840842,0.0029134320218388078,1.0051828706715764,4333,0.48144444444444445
glove-200-angular,random,20260820,16,4,logical_shard_id modulo 4,13,1,73730,73581,74353,73969.625,215.50547411840842,0.0029134320218388078,1.0051828706715764,4183,0.4647777777777778
glove-200-angular,random,20260820,16,4,logical_shard_id modulo 4,14,2,73793,73581,74353,73969.625,215.50547411840842,0.0029134320218388078,1.0051828706715764,4277,0.4752222222222222
glove-200-angular,random,20260820,16,4,logical_shard_id modulo 4,15,3,74031,73581,74353,73969.625,215.50547411840842,0.0029134320218388078,1.0051828706715764,4318,0.4797777777777778
glove-200-angular,random,20260820,2,4,logical_shard_id modulo 4,0,0,592332,591182,592332,591757.0,575.0,0.0009716826332430373,1.000971682633243,8991,0.999
glove-200-angular,random,20260820,2,4,logical_shard_id modulo 4,1,1,591182,591182,592332,591757.0,575.0,0.0009716826332430373,1.000971682633243,8993,0.9992222222222222
glove-200-angular,random,20260820,32,4,logical_shard_id modulo 4,0,0,37353,36675,37353,36984.8125,176.69968122141591,0.004777628147267636,1.00995509981293,2424,0.2693333333333333
glove-200-angular,random,20260820,32,4,logical_shard_id modulo 4,1,1,36885,36675,37353,36984.8125,176.69968122141591,0.004777628147267636,1.00995509981293,2472,0.27466666666666667
glove-200-angular,random,20260820,32,4,logical_shard_id modulo 4,2,2,37168,36675,37353,36984.8125,176.69968122141591,0.004777628147267636,1.00995509981293,2426,0.26955555555555555
glove-200-angular,random,20260820,32,4,logical_shard_id modulo 4,3,3,37064,36675,37353,36984.8125,176.69968122141591,0.004777628147267636,1.00995509981293,2397,0.2663333333333333
glove-200-angular,random,20260820,32,4,logical_shard_id modulo 4,4,0,36777,36675,37353,36984.8125,176.69968122141591,0.004777628147267636,1.00995509981293,2471,0.27455555555555555
glove-200-angular,random,20260820,32,4,logical_shard_id modulo 4,5,1,36804,36675,37353,36984.8125,176.69968122141591,0.004777628147267636,1.00995509981293,2515,0.27944444444444444
glove-200-angular,random,20260820,32,4,logical_shard_id modulo 4,6,2,37039,36675,37353,36984.8125,176.69968122141591,0.004777628147267636,1.00995509981293,2530,0.2811111111111111
glove-200-angular,random,20260820,32,4,logical_shard_id modulo 4,7,3,36936,36675,37353,36984.8125,176.69968122141591,0.004777628147267636,1.00995509981293,2466,0.274
glove-200-angular,random,20260820,32,4,logical_shard_id modulo 4,8,0,37276,36675,37353,36984.8125,176.69968122141591,0.004777628147267636,1.00995509981293,2499,0.2776666666666667
glove-200-angular,random,20260820,32,4,logical_shard_id modulo 4,9,1,37077,36675,37353,36984.8125,176.69968122141591,0.004777628147267636,1.00995509981293,2483,0.2758888888888889
glove-200-angular,random,20260820,32,4,logical_shard_id modulo 4,10,2,37027,36675,37353,36984.8125,176.69968122141591,0.004777628147267636,1.00995509981293,2400,0.26666666666666666
glove-200-angular,random,20260820,32,4,logical_shard_id modulo 4,11,3,36999,36675,37353,36984.8125,176.69968122141591,0.004777628147267636,1.00995509981293,2369,0.26322222222222225
glove-200-angular,random,20260820,32,4,logical_shard_id modulo 4,12,0,37016,36675,37353,36984.8125,176.69968122141591,0.004777628147267636,1.00995509981293,2496,0.2773333333333333
glove-200-angular,random,20260820,32,4,logical_shard_id modulo 4,13,1,37170,36675,37353,36984.8125,176.69968122141591,0.004777628147267636,1.00995509981293,2475,0.275
glove-200-angular,random,20260820,32,4,logical_shard_id modulo 4,14,2,36897,36675,37353,36984.8125,176.69968122141591,0.004777628147267636,1.00995509981293,2359,0.26211111111111113
glove-200-angular,random,20260820,32,4,logical_shard_id modulo 4,15,3,36844,36675,37353,36984.8125,176.69968122141591,0.004777628147267636,1.00995509981293,2415,0.2683333333333333
glove-200-angular,random,20260820,32,4,logical_shard_id modulo 4,16,0,37115,36675,37353,36984.8125,176.69968122141591,0.004777628147267636,1.00995509981293,2494,0.2771111111111111
glove-200-angular,random,20260820,32,4,logical_shard_id modulo 4,17,1,36738,36675,37353,36984.8125,176.69968122141591,0.004777628147267636,1.00995509981293,2446,0.2717777777777778
glove-200-angular,random,20260820,32,4,logical_shard_id modulo 4,18,2,37124,36675,37353,36984.8125,176.69968122141591,0.004777628147267636,1.00995509981293,2415,0.2683333333333333
glove-200-angular,random,20260820,32,4,logical_shard_id modulo 4,19,3,36949,36675,37353,36984.8125,176.69968122141591,0.004777628147267636,1.00995509981293,2429,0.2698888888888889
glove-200-angular,random,20260820,32,4,logical_shard_id modulo 4,20,0,36824,36675,37353,36984.8125,176.69968122141591,0.004777628147267636,1.00995509981293,2437,0.2707777777777778
glove-200-angular,random,20260820,32,4,logical_shard_id modulo 4,21,1,37294,36675,37353,36984.8125,176.69968122141591,0.004777628147267636,1.00995509981293,2466,0.274
glove-200-angular,random,20260820,32,4,logical_shard_id modulo 4,22,2,36949,36675,37353,36984.8125,176.69968122141591,0.004777628147267636,1.00995509981293,2452,0.27244444444444443
glove-200-angular,random,20260820,32,4,logical_shard_id modulo 4,23,3,36835,36675,37353,36984.8125,176.69968122141591,0.004777628147267636,1.00995509981293,2440,0.27111111111111114
glove-200-angular,random,20260820,32,4,logical_shard_id modulo 4,24,0,36863,36675,37353,36984.8125,176.69968122141591,0.004777628147267636,1.00995509981293,2423,0.2692222222222222
glove-200-angular,random,20260820,32,4,logical_shard_id modulo 4,25,1,36937,36675,37353,36984.8125,176.69968122141591,0.004777628147267636,1.00995509981293,2507,0.27855555555555556
glove-200-angular,random,20260820,32,4,logical_shard_id modulo 4,26,2,36675,36675,37353,36984.8125,176.69968122141591,0.004777628147267636,1.00995509981293,2375,0.2638888888888889
glove-200-angular,random,20260820,32,4,logical_shard_id modulo 4,27,3,37055,36675,37353,36984.8125,176.69968122141591,0.004777628147267636,1.00995509981293,2395,0.26611111111111113
glove-200-angular,random,20260820,32,4,logical_shard_id modulo 4,28,0,36697,36675,37353,36984.8125,176.69968122141591,0.004777628147267636,1.00995509981293,2390,0.26555555555555554
glove-200-angular,random,20260820,32,4,logical_shard_id modulo 4,29,1,37096,36675,37353,36984.8125,176.69968122141591,0.004777628147267636,1.00995509981293,2498,0.27755555555555556
glove-200-angular,random,20260820,32,4,logical_shard_id modulo 4,30,2,37256,36675,37353,36984.8125,176.69968122141591,0.004777628147267636,1.00995509981293,2453,0.27255555555555555
glove-200-angular,random,20260820,32,4,logical_shard_id modulo 4,31,3,36775,36675,37353,36984.8125,176.69968122141591,0.004777628147267636,1.00995509981293,2479,0.27544444444444444
glove-200-angular,random,20260820,4,4,logical_shard_id modulo 4,0,0,296026,295354,296306,295878.5,347.1897895964108,0.001173420135617866,1.0014448498285613,8540,0.9488888888888889
glove-200-angular,random,20260820,4,4,logical_shard_id modulo 4,1,1,296306,295354,296306,295878.5,347.1897895964108,0.001173420135617866,1.0014448498285613,8494,0.9437777777777778
glove-200-angular,random,20260820,4,4,logical_shard_id modulo 4,2,2,295828,295354,296306,295878.5,347.1897895964108,0.001173420135617866,1.0014448498285613,8474,0.9415555555555556
glove-200-angular,random,20260820,4,4,logical_shard_id modulo 4,3,3,295354,295354,296306,295878.5,347.1897895964108,0.001173420135617866,1.0014448498285613,8486,0.9428888888888889
glove-200-angular,random,20260820,8,4,logical_shard_id modulo 4,0,0,148470,147530,148470,147939.25,317.10359111810766,0.0021434716690675914,1.0035876212702173,6605,0.7338888888888889
glove-200-angular,random,20260820,8,4,logical_shard_id modulo 4,1,1,147556,147530,148470,147939.25,317.10359111810766,0.0021434716690675914,1.0035876212702173,6783,0.7536666666666667
glove-200-angular,random,20260820,8,4,logical_shard_id modulo 4,2,2,148379,147530,148470,147939.25,317.10359111810766,0.0021434716690675914,1.0035876212702173,6621,0.7356666666666667
glove-200-angular,random,20260820,8,4,logical_shard_id modulo 4,3,3,147927,147530,148470,147939.25,317.10359111810766,0.0021434716690675914,1.0035876212702173,6631,0.7367777777777778
glove-200-angular,random,20260820,8,4,logical_shard_id modulo 4,4,0,147926,147530,148470,147939.25,317.10359111810766,0.0021434716690675914,1.0035876212702173,6601,0.7334444444444445
glove-200-angular,random,20260820,8,4,logical_shard_id modulo 4,5,1,147902,147530,148470,147939.25,317.10359111810766,0.0021434716690675914,1.0035876212702173,6655,0.7394444444444445
glove-200-angular,random,20260820,8,4,logical_shard_id modulo 4,6,2,147530,147530,148470,147939.25,317.10359111810766,0.0021434716690675914,1.0035876212702173,6601,0.7334444444444445
glove-200-angular,random,20260820,8,4,logical_shard_id modulo 4,7,3,147824,147530,148470,147939.25,317.10359111810766,0.0021434716690675914,1.0035876212702173,6668,0.7408888888888889
